fecha,sector,region,producto,unidades,monto
2025-01-01,Sector 2,África,Fanta,4,12980
2025-01-01,Sector 3,África,Agua,3,8330
2025-01-01,Sector 4,América,Agua,3,7190
2025-01-01,Sector 3,Oceanía,Cola Zero,1,4930
2025-01-01,Sector 1,Oceanía,Agua,1,3480
2025-01-01,Sector 5,Oceanía,Sprite,1,4750
2025-01-01,Sector 4,Asia,Cola Original,3,12080
2025-01-01,Sector 3,Asia,Cola Original,2,7230
2025-01-01,Sector 5,Europa,Fanta,2,6900
2025-01-02,Sector 3,África,Agua,3,7720
2025-01-02,Sector 4,Europa,Cola Original,3,13490
2025-01-02,Sector 5,Oceanía,Sprite,1,4820
2025-01-02,Sector 5,América,Agua,2,4380
2025-01-02,Sector 4,Europa,Agua,3,7480
2025-01-03,Sector 5,África,Fanta,3,11340
2025-01-03,Sector 4,África,Fanta,4,14260
2025-01-03,Sector 1,África,Cola Original,3,11300
2025-01-03,Sector 3,Oceanía,Cola Original,1,3900
2025-01-03,Sector 2,Asia,Agua,3,8390
2025-01-04,Sector 4,Asia,Cola Zero,3,14010
2025-01-04,Sector 3,América,Cola Zero,1,6950
2025-01-04,Sector 5,África,Fanta,3,8770
2025-01-04,Sector 4,África,Cola Original,5,20690
2025-01-04,Sector 2,Asia,Fanta,3,8950
2025-01-04,Sector 3,Oceanía,Sprite,1,3630
2025-01-04,Sector 3,América,Cola Original,1,5790
2025-01-04,Sector 3,América,Cola Original,1,5780
2025-01-04,Sector 2,Oceanía,Sprite,1,4680
2025-01-05,Sector 5,América,Cola Original,1,6170
2025-01-05,Sector 1,África,Agua,3,7060
2025-01-05,Sector 3,Oceanía,Sprite,1,3480
2025-01-05,Sector 3,África,Cola Zero,2,11540
2025-01-05,Sector 5,Europa,Sprite,2,8590
2025-01-05,Sector 3,América,Agua,1,3800
2025-01-05,Sector 2,América,Sprite,2,5760
2025-01-05,Sector 1,Asia,Sprite,2,7320
2025-01-05,Sector 5,Europa,Cola Zero,2,10760
2025-01-05,Sector 1,África,Fanta,2,8290
2025-01-05,Sector 4,Oceanía,Fanta,2,6410
2025-01-05,Sector 2,Europa,Agua,2,5360
2025-01-05,Sector 3,América,Cola Zero,1,5240
2025-01-05,Sector 3,Oceanía,Cola Original,1,5290
2025-01-06,Sector 2,África,Sprite,3,9570
2025-01-06,Sector 2,África,Cola Original,3,14670
2025-01-06,Sector 5,Europa,Cola Zero,2,9410
2025-01-06,Sector 3,América,Cola Zero,1,5420
2025-01-06,Sector 3,Europa,Cola Original,1,5380
2025-01-07,Sector 1,Oceanía,Cola Zero,1,5180
2025-01-07,Sector 1,Oceanía,Sprite,1,5130
2025-01-07,Sector 3,Oceanía,Cola Original,1,5510
2025-01-07,Sector 2,América,Sprite,2,6330
2025-01-07,Sector 5,Oceanía,Cola Zero,2,7990
2025-01-07,Sector 4,Asia,Cola Zero,3,14690
2025-01-07,Sector 3,Oceanía,Agua,1,3710
2025-01-07,Sector 3,Asia,Cola Original,2,6770
2025-01-07,Sector 1,Asia,Fanta,2,7590
2025-01-07,Sector 1,Oceanía,Cola Zero,1,5490
2025-01-07,Sector 1,Europa,Sprite,2,7110
2025-01-07,Sector 1,Europa,Fanta,2,6690
2025-01-07,Sector 4,África,Sprite,4,15240
2025-01-07,Sector 4,África,Agua,5,14020
2025-01-07,Sector 3,Asia,Cola Original,2,7830
2025-01-08,Sector 4,América,Cola Original,2,7770
2025-01-08,Sector 4,América,Fanta,2,6210
2025-01-08,Sector 5,Oceanía,Cola Original,1,6080
2025-01-08,Sector 4,América,Agua,3,6960
2025-01-08,Sector 1,Europa,Cola Zero,1,6540
2025-01-08,Sector 5,África,Fanta,2,8400
2025-01-08,Sector 1,África,Sprite,2,8340
2025-01-08,Sector 1,América,Cola Original,2,7280
2025-01-08,Sector 1,África,Cola Zero,2,9430
2025-01-08,Sector 1,América,Cola Original,1,6020
2025-01-08,Sector 5,Asia,Agua,4,9170
2025-01-08,Sector 5,Europa,Sprite,2,7620
2025-01-09,Sector 4,África,Agua,5,13450
2025-01-09,Sector 2,África,Cola Original,4,16930
2025-01-09,Sector 1,África,Agua,3,6840
2025-01-09,Sector 3,África,Cola Zero,2,9610
2025-01-09,Sector 5,Oceanía,Cola Zero,2,7210
2025-01-09,Sector 5,América,Fanta,1,4650
2025-01-09,Sector 2,Asia,Cola Zero,2,10290
2025-01-09,Sector 3,Asia,Sprite,2,6980
2025-01-09,Sector 2,Europa,Sprite,2,9330
2025-01-09,Sector 3,África,Cola Original,2,7880
2025-01-09,Sector 1,América,Cola Zero,1,5910
2025-01-09,Sector 2,América,Fanta,2,5580
2025-01-10,Sector 1,América,Sprite,1,4340
2025-01-10,Sector 1,América,Fanta,1,5010
2025-01-10,Sector 2,Oceanía,Sprite,2,5880
2025-01-10,Sector 4,África,Cola Original,3,15370
2025-01-11,Sector 1,Europa,Sprite,2,6020
2025-01-11,Sector 2,Asia,Cola Original,3,12870
2025-01-11,Sector 3,Oceanía,Fanta,1,3690
2025-01-11,Sector 1,América,Cola Original,2,6790
2025-01-11,Sector 5,Asia,Agua,3,7030
2025-01-11,Sector 1,Europa,Cola Zero,1,7080
2025-01-11,Sector 3,Oceanía,Agua,1,2990
2025-01-12,Sector 2,Oceanía,Cola Original,1,5700
2025-01-12,Sector 3,Europa,Sprite,1,5070
2025-01-12,Sector 3,África,Cola Zero,2,11460
2025-01-12,Sector 1,América,Agua,1,3630
2025-01-12,Sector 5,Asia,Cola Zero,2,8890
2025-01-12,Sector 2,África,Fanta,4,13580
2025-01-12,Sector 1,Oceanía,Cola Zero,1,6010
2025-01-12,Sector 3,Europa,Cola Zero,1,6070
2025-01-13,Sector 3,África,Fanta,2,6840
2025-01-13,Sector 5,Asia,Sprite,3,10070
2025-01-13,Sector 2,Oceanía,Sprite,2,6160
2025-01-13,Sector 4,América,Cola Original,2,8120
2025-01-13,Sector 2,América,Cola Original,2,7300
2025-01-13,Sector 3,África,Cola Zero,2,8420
2025-01-13,Sector 2,Europa,Fanta,3,9450
2025-01-13,Sector 1,Oceanía,Cola Original,1,5970
2025-01-13,Sector 2,África,Sprite,2,9400
2025-01-14,Sector 1,América,Cola Zero,1,6830
2025-01-14,Sector 4,Asia,Agua,4,10020
2025-01-14,Sector 5,África,Cola Original,3,12770
2025-01-14,Sector 1,América,Fanta,1,4520
2025-01-14,Sector 2,Asia,Cola Original,3,12820
2025-01-14,Sector 2,Asia,Cola Zero,2,11930
2025-01-14,Sector 4,América,Cola Original,2,7730
2025-01-15,Sector 3,Asia,Cola Zero,2,8010
2025-01-15,Sector 1,África,Sprite,3,10630
2025-01-15,Sector 5,Oceanía,Cola Zero,1,5870
2025-01-15,Sector 5,África,Cola Original,3,15530
2025-01-15,Sector 4,Oceanía,Fanta,2,5730
2025-01-15,Sector 2,Europa,Cola Zero,3,12120
2025-01-15,Sector 5,Asia,Cola Zero,2,9120
2025-01-15,Sector 5,Oceanía,Cola Original,1,5120
2025-01-15,Sector 1,Europa,Cola Original,2,7520
2025-01-16,Sector 1,América,Cola Original,1,5970
2025-01-16,Sector 1,África,Fanta,2,6990
2025-01-16,Sector 4,América,Cola Original,2,9800
2025-01-16,Sector 3,Asia,Fanta,2,7500
2025-01-16,Sector 3,Asia,Agua,3,6790
2025-01-16,Sector 3,África,Fanta,3,9520
2025-01-16,Sector 3,Oceanía,Cola Zero,1,5300
2025-01-16,Sector 1,Oceanía,Agua,1,3250
2025-01-17,Sector 1,Oceanía,Sprite,1,4830
2025-01-17,Sector 2,Europa,Fanta,2,8050
2025-01-17,Sector 1,Asia,Cola Original,2,9380
2025-01-17,Sector 2,Asia,Sprite,3,11400
2025-01-18,Sector 3,Asia,Agua,3,6570
2025-01-18,Sector 4,Oceanía,Cola Original,2,9860
2025-01-18,Sector 4,Asia,Sprite,3,10880
2025-01-18,Sector 1,Europa,Cola Zero,2,7430
2025-01-18,Sector 5,Europa,Cola Zero,2,10090
2025-01-19,Sector 5,África,Sprite,2,8930
2025-01-19,Sector 4,América,Cola Original,2,8590
2025-01-19,Sector 4,Asia,Sprite,3,12410
2025-01-19,Sector 4,Oceanía,Cola Original,2,8100
2025-01-19,Sector 2,América,Agua,2,4560
2025-01-19,Sector 4,Europa,Cola Original,3,12420
2025-01-19,Sector 1,África,Sprite,3,10100
2025-01-19,Sector 4,África,Sprite,4,15800
2025-01-20,Sector 4,Europa,Agua,3,8580
2025-01-20,Sector 5,Europa,Cola Zero,2,8610
2025-01-20,Sector 1,África,Fanta,3,8760
2025-01-20,Sector 1,América,Sprite,2,5860
2025-01-20,Sector 2,Asia,Cola Zero,3,12140
2025-01-20,Sector 5,África,Agua,3,8660
2025-01-20,Sector 3,Asia,Agua,3,6600
2025-01-20,Sector 1,Asia,Cola Zero,2,11100
2025-01-20,Sector 3,África,Cola Zero,2,9230
2025-01-20,Sector 3,América,Fanta,1,3930
2025-01-20,Sector 5,América,Cola Original,1,6190
2025-01-20,Sector 2,Asia,Fanta,3,9490
2025-01-20,Sector 1,África,Sprite,3,10810
2025-01-20,Sector 5,Oceanía,Sprite,2,5790
2025-01-20,Sector 4,Europa,Fanta,3,10780
2025-01-21,Sector 3,Europa,Cola Zero,1,6880
2025-01-21,Sector 2,América,Cola Zero,1,6560
2025-01-21,Sector 5,África,Cola Original,3,15500
2025-01-21,Sector 4,Europa,Agua,3,7810
2025-01-21,Sector 2,Asia,Cola Zero,2,10080
2025-01-21,Sector 3,África,Agua,3,7250
2025-01-21,Sector 1,Oceanía,Sprite,1,3730
2025-01-21,Sector 2,Asia,Fanta,3,8870
2025-01-21,Sector 5,Asia,Agua,3,7560
2025-01-21,Sector 3,África,Sprite,3,9690
2025-01-21,Sector 4,Asia,Cola Zero,3,12420
2025-01-21,Sector 4,Europa,Agua,4,10140
2025-01-22,Sector 1,Asia,Sprite,2,9000
2025-01-22,Sector 2,Europa,Cola Original,3,11270
2025-01-22,Sector 4,Europa,Fanta,3,11300
2025-01-22,Sector 1,Asia,Sprite,2,8490
2025-01-22,Sector 3,América,Agua,2,4280
2025-01-22,Sector 2,Oceanía,Fanta,2,5420
2025-01-22,Sector 3,América,Cola Original,1,5260
2025-01-23,Sector 5,Europa,Cola Original,2,10430
2025-01-23,Sector 4,Asia,Cola Zero,3,12580
2025-01-23,Sector 2,Europa,Cola Zero,2,11940
2025-01-23,Sector 5,Europa,Agua,2,5060
2025-01-23,Sector 3,Europa,Cola Zero,1,6340
2025-01-23,Sector 3,Europa,Fanta,1,5190
2025-01-23,Sector 2,Asia,Cola Zero,3,12190
2025-01-23,Sector 5,África,Cola Original,3,12880
2025-01-24,Sector 1,Oceanía,Cola Original,1,5640
2025-01-24,Sector 4,Oceanía,Sprite,2,6210
2025-01-24,Sector 3,Europa,Agua,2,5090
2025-01-24,Sector 2,América,Agua,2,5320
2025-01-24,Sector 2,América,Cola Zero,2,8980
2025-01-24,Sector 3,Asia,Cola Zero,1,7160
2025-01-24,Sector 3,Asia,Fanta,2,7120
2025-01-24,Sector 2,Europa,Agua,3,8300
2025-01-24,Sector 5,África,Sprite,3,10840
2025-01-25,Sector 3,Oceanía,Sprite,1,3390
2025-01-25,Sector 1,Europa,Fanta,2,6460
2025-01-25,Sector 4,Europa,Fanta,3,8800
2025-01-25,Sector 2,Oceanía,Cola Zero,2,8050
2025-01-25,Sector 4,Europa,Sprite,3,10810
2025-01-26,Sector 4,África,Fanta,4,12910
2025-01-26,Sector 4,Asia,Cola Original,4,17190
2025-01-26,Sector 1,Europa,Agua,2,4200
2025-01-26,Sector 2,África,Cola Zero,3,16650
2025-01-26,Sector 4,Europa,Cola Original,3,12740
2025-01-26,Sector 3,Asia,Cola Zero,2,9580
2025-01-26,Sector 4,Europa,Sprite,3,10340
2025-01-26,Sector 4,Oceanía,Cola Original,2,7440
2025-01-26,Sector 1,Oceanía,Agua,2,4080
2025-01-26,Sector 4,Asia,Agua,4,9910
2025-01-27,Sector 4,África,Cola Zero,5,22210
2025-01-27,Sector 1,Oceanía,Sprite,1,4470
2025-01-27,Sector 4,Asia,Cola Original,4,16060
2025-01-27,Sector 5,Asia,Sprite,2,9320
2025-01-27,Sector 1,América,Cola Zero,2,7420
2025-01-27,Sector 2,Asia,Cola Original,2,10170
2025-01-27,Sector 5,América,Cola Zero,2,7880
2025-01-27,Sector 5,África,Cola Zero,2,11070
2025-01-27,Sector 1,África,Agua,3,6930
2025-01-27,Sector 2,América,Cola Zero,1,6550
2025-01-27,Sector 4,Asia,Sprite,3,13280
2025-01-28,Sector 4,América,Sprite,2,8450
2025-01-28,Sector 2,Europa,Fanta,2,6400
2025-01-28,Sector 2,Asia,Sprite,2,9320
2025-01-28,Sector 1,Oceanía,Cola Original,1,5750
2025-01-28,Sector 4,Asia,Sprite,3,10760
2025-01-28,Sector 3,América,Fanta,1,3710
2025-01-28,Sector 2,Oceanía,Sprite,1,5580
2025-01-28,Sector 2,Asia,Sprite,2,8400
2025-01-28,Sector 3,América,Sprite,1,5180
2025-02-01,Sector 3,África,Cola Original,3,11620
2025-02-01,Sector 1,América,Sprite,2,6280
2025-02-01,Sector 5,Europa,Fanta,2,8680
2025-02-01,Sector 3,África,Agua,2,6310
2025-02-01,Sector 4,África,Cola Original,4,16420
2025-02-02,Sector 2,Asia,Fanta,3,10770
2025-02-02,Sector 5,África,Cola Original,3,14300
2025-02-02,Sector 3,África,Sprite,2,8810
2025-02-02,Sector 2,Europa,Agua,3,7600
2025-02-02,Sector 2,Oceanía,Cola Zero,1,5660
2025-02-02,Sector 3,Asia,Cola Zero,2,10340
2025-02-02,Sector 4,Europa,Cola Zero,2,10630
2025-02-02,Sector 3,Europa,Agua,2,3960
2025-02-02,Sector 5,Europa,Cola Zero,2,10600
2025-02-03,Sector 2,Oceanía,Cola Original,2,7840
2025-02-03,Sector 3,África,Cola Original,2,8680
2025-02-03,Sector 4,Europa,Cola Zero,3,12030
2025-02-03,Sector 2,Europa,Cola Original,2,8030
2025-02-03,Sector 3,África,Sprite,3,9900
2025-02-03,Sector 4,Oceanía,Fanta,2,7180
2025-02-03,Sector 4,Oceanía,Cola Original,2,9390
2025-02-03,Sector 3,Oceanía,Sprite,1,3190
2025-02-03,Sector 4,Asia,Fanta,4,13960
2025-02-03,Sector 1,Asia,Agua,3,7400
2025-02-03,Sector 4,África,Cola Zero,4,19890
2025-02-03,Sector 1,Asia,Sprite,2,7900
2025-02-04,Sector 3,Europa,Fanta,2,5400
2025-02-04,Sector 1,África,Agua,3,7300
2025-02-04,Sector 1,América,Agua,2,4210
2025-02-04,Sector 4,Europa,Cola Original,3,12170
2025-02-04,Sector 4,América,Cola Original,2,8150
2025-02-04,Sector 5,Asia,Agua,3,8210
2025-02-04,Sector 3,Asia,Sprite,2,6380
2025-02-05,Sector 1,Asia,Cola Original,2,8730
2025-02-05,Sector 4,América,Agua,3,8250
2025-02-05,Sector 2,Europa,Agua,2,5430
2025-02-05,Sector 4,América,Agua,3,8110
2025-02-05,Sector 4,África,Fanta,4,12470
2025-02-05,Sector 2,Oceanía,Cola Zero,2,8370
2025-02-05,Sector 1,Asia,Cola Zero,2,9830
2025-02-05,Sector 3,África,Cola Zero,3,12530
2025-02-05,Sector 2,África,Cola Zero,4,17060
2025-02-05,Sector 1,América,Cola Zero,2,7510
2025-02-06,Sector 4,Asia,Fanta,4,14050
2025-02-06,Sector 3,Asia,Sprite,2,6370
2025-02-06,Sector 4,América,Cola Original,2,7860
2025-02-06,Sector 2,Europa,Cola Zero,2,11980
2025-02-06,Sector 2,Asia,Agua,3,8470
2025-02-06,Sector 5,Oceanía,Sprite,1,5230
2025-02-06,Sector 2,Europa,Sprite,2,7790
2025-02-06,Sector 5,Oceanía,Fanta,1,4630
2025-02-06,Sector 5,Oceanía,Agua,1,3680
2025-02-07,Sector 3,África,Cola Zero,2,9960
2025-02-07,Sector 3,América,Fanta,1,5220
2025-02-07,Sector 5,Oceanía,Cola Zero,1,5250
2025-02-07,Sector 2,Oceanía,Agua,1,3790
2025-02-07,Sector 5,Oceanía,Cola Zero,1,6560
2025-02-07,Sector 4,América,Agua,2,5980
2025-02-07,Sector 2,Oceanía,Cola Original,2,7610
2025-02-07,Sector 5,África,Fanta,3,11090
2025-02-08,Sector 4,América,Agua,3,7590
2025-02-08,Sector 5,América,Sprite,2,7390
2025-02-08,Sector 1,América,Cola Original,2,7170
2025-02-08,Sector 2,Asia,Cola Original,3,13140
2025-02-08,Sector 3,Oceanía,Fanta,1,3150
2025-02-08,Sector 1,América,Fanta,2,5400
2025-02-08,Sector 4,Europa,Sprite,2,9500
2025-02-08,Sector 3,Oceanía,Cola Original,1,5340
2025-02-09,Sector 2,América,Cola Zero,2,9030
2025-02-09,Sector 5,América,Fanta,2,5310
2025-02-09,Sector 5,Asia,Fanta,3,9480
2025-02-09,Sector 1,Oceanía,Cola Original,1,5680
2025-02-09,Sector 1,América,Sprite,1,4980
2025-02-09,Sector 3,Europa,Cola Original,2,8100
2025-02-09,Sector 4,África,Fanta,3,12180
2025-02-09,Sector 1,América,Cola Original,1,4810
2025-02-09,Sector 1,Europa,Cola Zero,2,7970
2025-02-09,Sector 3,América,Sprite,1,4920
2025-02-09,Sector 5,Europa,Sprite,2,6290
2025-02-09,Sector 5,Oceanía,Fanta,2,5740
2025-02-09,Sector 2,Europa,Cola Zero,2,11650
2025-02-09,Sector 2,América,Sprite,2,6710
2025-02-10,Sector 3,América,Sprite,1,5090
2025-02-10,Sector 5,América,Fanta,2,6030
2025-02-10,Sector 4,Asia,Fanta,3,11200
2025-02-10,Sector 2,Europa,Fanta,2,7470
2025-02-10,Sector 2,América,Cola Zero,2,7600
2025-02-10,Sector 3,Oceanía,Agua,2,4010
2025-02-10,Sector 4,Asia,Agua,4,11340
2025-02-10,Sector 2,Asia,Cola Original,3,11390
2025-02-10,Sector 5,Europa,Agua,2,6160
2025-02-10,Sector 4,África,Sprite,3,12300
2025-02-10,Sector 5,Europa,Sprite,2,8850
2025-02-11,Sector 5,Oceanía,Cola Zero,2,7560
2025-02-11,Sector 5,América,Cola Zero,1,6860
2025-02-11,Sector 4,Oceanía,Sprite,2,6020
2025-02-11,Sector 1,África,Cola Original,2,8960
2025-02-11,Sector 2,África,Cola Zero,3,12160
2025-02-11,Sector 2,Oceanía,Cola Original,1,5610
2025-02-11,Sector 2,Oceanía,Cola Original,1,5580
2025-02-11,Sector 1,África,Fanta,3,10380
2025-02-11,Sector 4,África,Agua,4,10890
2025-02-12,Sector 4,Oceanía,Cola Zero,2,8690
2025-02-12,Sector 5,América,Sprite,2,6080
2025-02-12,Sector 4,América,Agua,2,6340
2025-02-12,Sector 2,Oceanía,Cola Zero,2,8440
2025-02-12,Sector 3,África,Cola Original,2,10870
2025-02-12,Sector 2,Europa,Cola Zero,2,10700
2025-02-12,Sector 3,Oceanía,Cola Original,1,5170
2025-02-12,Sector 2,Asia,Cola Original,3,13210
2025-02-12,Sector 3,Asia,Cola Original,2,7220
2025-02-12,Sector 5,Europa,Cola Original,2,10070
2025-02-12,Sector 5,América,Fanta,1,5200
2025-02-13,Sector 3,Oceanía,Agua,1,3090
2025-02-13,Sector 4,África,Agua,5,12650
2025-02-13,Sector 1,Oceanía,Fanta,1,3860
2025-02-13,Sector 2,África,Sprite,3,12010
2025-02-13,Sector 2,África,Agua,4,10720
2025-02-13,Sector 3,Oceanía,Cola Zero,1,5840
2025-02-13,Sector 5,África,Fanta,3,11090
2025-02-13,Sector 4,América,Agua,3,7620
2025-02-14,Sector 1,América,Cola Zero,1,7120
2025-02-14,Sector 5,América,Cola Zero,2,7980
2025-02-14,Sector 3,Europa,Sprite,2,6350
2025-02-14,Sector 1,América,Cola Zero,1,5750
2025-02-14,Sector 1,Oceanía,Sprite,1,3930
2025-02-14,Sector 5,Asia,Cola Zero,3,12730
2025-02-14,Sector 3,África,Cola Original,2,9530
2025-02-14,Sector 2,Asia,Sprite,3,10500
2025-02-15,Sector 3,Asia,Fanta,1,5110
2025-02-15,Sector 1,Oceanía,Sprite,1,4180
2025-02-15,Sector 3,Oceanía,Agua,1,3660
2025-02-15,Sector 2,Asia,Fanta,3,11000
2025-02-15,Sector 4,América,Cola Original,2,10040
2025-02-15,Sector 2,Asia,Cola Zero,2,11240
2025-02-15,Sector 1,Asia,Cola Original,2,7110
2025-02-16,Sector 3,Asia,Fanta,2,5460
2025-02-16,Sector 5,Oceanía,Cola Zero,1,5350
2025-02-16,Sector 2,Oceanía,Cola Zero,2,8740
2025-02-16,Sector 5,América,Cola Zero,1,6140
2025-02-16,Sector 5,África,Agua,3,7920
2025-02-16,Sector 5,América,Cola Zero,2,8770
2025-02-16,Sector 4,Oceanía,Cola Original,2,7770
2025-02-16,Sector 5,Europa,Sprite,2,7390
2025-02-16,Sector 5,Asia,Cola Original,3,11290
2025-02-16,Sector 5,Europa,Cola Original,2,9930
2025-02-16,Sector 2,América,Sprite,2,6000
2025-02-16,Sector 3,Asia,Cola Original,2,7970
2025-02-16,Sector 3,África,Agua,2,5620
2025-02-16,Sector 2,Europa,Cola Original,2,10670
2025-02-16,Sector 4,América,Agua,3,6640
2025-02-16,Sector 1,América,Sprite,1,4960
2025-02-16,Sector 2,Oceanía,Cola Zero,2,8050
2025-02-17,Sector 1,Oceanía,Agua,1,3180
2025-02-17,Sector 2,América,Sprite,2,6700
2025-02-17,Sector 2,América,Cola Zero,2,8190
2025-02-17,Sector 3,África,Agua,3,7760
2025-02-17,Sector 2,Oceanía,Agua,2,5160
2025-02-17,Sector 4,África,Cola Original,4,19580
2025-02-18,Sector 4,Europa,Sprite,3,10390
2025-02-18,Sector 3,África,Cola Original,3,12050
2025-02-18,Sector 2,Europa,Fanta,2,6680
2025-02-18,Sector 3,América,Agua,2,4540
2025-02-18,Sector 2,América,Fanta,2,6200
2025-02-18,Sector 5,África,Cola Original,3,11540
2025-02-18,Sector 4,Oceanía,Cola Original,2,9250
2025-02-18,Sector 4,América,Fanta,2,6980
2025-02-18,Sector 5,África,Cola Original,3,11470
2025-02-18,Sector 2,Asia,Fanta,3,9810
2025-02-18,Sector 2,Europa,Cola Zero,2,8840
2025-02-18,Sector 2,América,Cola Zero,2,8200
2025-02-18,Sector 3,Oceanía,Cola Original,1,4880
2025-02-19,Sector 5,América,Fanta,2,5690
2025-02-19,Sector 2,Asia,Cola Zero,2,11680
2025-02-19,Sector 5,Asia,Cola Original,3,12110
2025-02-19,Sector 4,Oceanía,Agua,3,6680
2025-02-19,Sector 2,África,Cola Zero,3,13630
2025-02-19,Sector 2,Europa,Agua,3,7270
2025-02-19,Sector 2,Europa,Agua,3,6540
2025-02-19,Sector 2,Asia,Fanta,3,10940
2025-02-19,Sector 3,América,Cola Original,1,6440
2025-02-19,Sector 5,Europa,Fanta,2,6030
2025-02-19,Sector 1,Europa,Cola Zero,2,8480
2025-02-19,Sector 4,Europa,Fanta,3,8850
2025-02-20,Sector 5,África,Sprite,2,9190
2025-02-20,Sector 2,Oceanía,Sprite,1,5570
2025-02-20,Sector 1,Asia,Fanta,2,8170
2025-02-20,Sector 2,Oceanía,Sprite,2,6760
2025-02-20,Sector 2,Oceanía,Cola Zero,1,6180
2025-02-20,Sector 1,América,Agua,2,4580
2025-02-20,Sector 2,Europa,Sprite,2,7690
2025-02-20,Sector 1,África,Cola Original,3,11640
2025-02-21,Sector 4,Asia,Cola Original,3,12760
2025-02-21,Sector 2,Europa,Agua,3,8150
2025-02-21,Sector 5,Asia,Agua,3,8200
2025-02-21,Sector 5,Europa,Cola Zero,2,8520
2025-02-21,Sector 5,Asia,Cola Original,2,10170
2025-02-21,Sector 4,Asia,Fanta,3,9970
2025-02-21,Sector 1,Asia,Agua,3,7350
2025-02-21,Sector 4,África,Cola Zero,4,17290
2025-02-21,Sector 5,África,Fanta,3,9060
2025-02-21,Sector 4,Europa,Cola Original,2,9410
2025-02-22,Sector 3,Oceanía,Fanta,1,4570
2025-02-22,Sector 3,América,Cola Zero,1,6780
2025-02-22,Sector 3,Oceanía,Sprite,1,3210
2025-02-22,Sector 4,Europa,Agua,4,9540
2025-02-22,Sector 3,Europa,Fanta,2,5950
2025-02-22,Sector 2,América,Cola Original,2,8810
2025-02-22,Sector 1,América,Fanta,1,5140
2025-02-22,Sector 5,África,Cola Original,2,11010
2025-02-22,Sector 3,Oceanía,Agua,1,3540
2025-02-22,Sector 2,Oceanía,Cola Zero,2,8260
2025-02-22,Sector 2,América,Agua,2,6270
2025-02-23,Sector 4,África,Sprite,4,16020
2025-02-23,Sector 2,África,Cola Zero,3,15130
2025-02-23,Sector 4,Asia,Cola Zero,3,16110
2025-02-23,Sector 5,África,Sprite,3,11220
2025-02-23,Sector 3,Oceanía,Cola Original,1,5350
2025-02-23,Sector 3,Asia,Cola Zero,2,8310
2025-02-23,Sector 1,América,Cola Zero,2,7290
2025-02-24,Sector 5,América,Cola Zero,2,8790
2025-02-24,Sector 3,Oceanía,Cola Zero,1,5330
2025-02-24,Sector 5,Oceanía,Cola Zero,1,6110
2025-02-24,Sector 4,África,Agua,5,13830
2025-02-24,Sector 3,Europa,Cola Original,1,6380
2025-02-24,Sector 4,Europa,Agua,3,6850
2025-02-24,Sector 1,Asia,Agua,3,7530
2025-02-24,Sector 2,Europa,Cola Original,2,7900
2025-02-24,Sector 3,Oceanía,Fanta,1,4300
2025-02-25,Sector 2,África,Sprite,3,11440
2025-02-25,Sector 4,Asia,Cola Zero,4,17260
2025-02-25,Sector 4,Asia,Cola Zero,4,18380
2025-02-25,Sector 5,Europa,Cola Zero,2,8730
2025-02-25,Sector 2,Europa,Cola Zero,2,10940
2025-02-25,Sector 2,América,Fanta,2,5630
2025-02-26,Sector 1,África,Fanta,3,9190
2025-02-26,Sector 1,África,Cola Original,3,11620
2025-02-26,Sector 2,Asia,Cola Zero,3,13980
2025-02-26,Sector 5,Oceanía,Cola Original,2,7210
2025-02-26,Sector 5,América,Agua,2,4690
2025-02-26,Sector 5,África,Sprite,2,8840
2025-02-26,Sector 5,Europa,Fanta,2,6450
2025-02-27,Sector 5,Asia,Agua,3,6660
2025-02-27,Sector 1,Asia,Cola Zero,2,7820
2025-02-27,Sector 4,Europa,Fanta,3,9320
2025-02-27,Sector 1,África,Cola Zero,2,10320
2025-02-27,Sector 1,Oceanía,Cola Original,1,5710
2025-02-27,Sector 5,América,Cola Zero,2,9190
2025-02-27,Sector 2,Europa,Sprite,2,7740
2025-02-27,Sector 2,América,Agua,2,5380
2025-02-27,Sector 4,Oceanía,Agua,2,6050
2025-02-27,Sector 5,Asia,Cola Zero,3,12540
2025-02-27,Sector 2,Oceanía,Cola Zero,1,7170
2025-02-28,Sector 3,Europa,Fanta,2,6010
2025-02-28,Sector 2,Asia,Sprite,3,10550
2025-02-28,Sector 4,Asia,Cola Original,3,13760
2025-02-28,Sector 5,Europa,Cola Original,2,8530
2025-02-28,Sector 2,América,Agua,2,6080
2025-02-28,Sector 1,América,Fanta,1,4750
2025-02-28,Sector 1,África,Cola Original,3,12210
2025-03-01,Sector 1,África,Cola Zero,3,12950
2025-03-01,Sector 2,África,Fanta,4,12680
2025-03-01,Sector 5,Oceanía,Sprite,2,5780
2025-03-01,Sector 1,Europa,Agua,2,4690
2025-03-01,Sector 3,Europa,Cola Zero,1,6020
2025-03-01,Sector 5,África,Cola Original,3,12460
2025-03-01,Sector 3,Asia,Agua,2,5300
2025-03-01,Sector 3,Asia,Cola Original,2,9500
2025-03-01,Sector 1,África,Agua,3,7470
2025-03-01,Sector 3,Asia,Sprite,2,5940
2025-03-01,Sector 4,África,Cola Zero,4,19220
2025-03-01,Sector 3,Asia,Agua,3,6770
2025-03-01,Sector 2,Oceanía,Cola Original,2,7990
2025-03-01,Sector 2,Oceanía,Cola Zero,2,7470
2025-03-01,Sector 4,Asia,Cola Original,3,11790
2025-03-02,Sector 1,Asia,Agua,3,7360
2025-03-02,Sector 4,América,Agua,3,6970
2025-03-02,Sector 4,África,Fanta,4,12500
2025-03-02,Sector 2,América,Cola Zero,2,7850
2025-03-03,Sector 2,Asia,Fanta,3,10260
2025-03-03,Sector 5,África,Cola Zero,3,14710
2025-03-03,Sector 5,África,Cola Zero,3,15570
2025-03-03,Sector 3,América,Sprite,1,4820
2025-03-03,Sector 1,Asia,Sprite,2,6530
2025-03-03,Sector 4,Europa,Cola Original,3,14340
2025-03-03,Sector 3,América,Cola Original,1,4940
2025-03-03,Sector 2,Europa,Sprite,2,7230
2025-03-03,Sector 4,África,Cola Original,4,17530
2025-03-03,Sector 1,Asia,Cola Original,2,10640
2025-03-03,Sector 3,África,Agua,3,7920
2025-03-03,Sector 2,África,Cola Original,3,15720
2025-03-04,Sector 2,Asia,Sprite,3,10230
2025-03-04,Sector 1,Europa,Cola Zero,1,6500
2025-03-04,Sector 5,Asia,Cola Zero,2,9430
2025-03-04,Sector 3,Europa,Cola Zero,2,7810
2025-03-04,Sector 2,África,Cola Original,4,17690
2025-03-04,Sector 4,Asia,Cola Zero,4,16820
2025-03-04,Sector 5,África,Sprite,3,12660
2025-03-04,Sector 4,América,Fanta,2,8750
2025-03-04,Sector 4,Europa,Sprite,3,10530
2025-03-04,Sector 1,Asia,Cola Original,2,9400
2025-03-05,Sector 3,África,Fanta,2,8510
2025-03-05,Sector 5,Europa,Cola Original,2,7950
2025-03-05,Sector 4,América,Fanta,2,6080
2025-03-05,Sector 1,África,Cola Original,2,8840
2025-03-05,Sector 1,Europa,Cola Original,2,9050
2025-03-05,Sector 2,Asia,Agua,3,7850
2025-03-05,Sector 1,África,Cola Zero,3,13320
2025-03-05,Sector 1,Asia,Cola Original,2,10390
2025-03-05,Sector 3,Oceanía,Cola Original,1,5370
2025-03-06,Sector 5,África,Cola Original,3,12130
2025-03-06,Sector 1,Oceanía,Agua,1,3310
2025-03-06,Sector 5,África,Fanta,2,8610
2025-03-06,Sector 4,África,Sprite,3,12440
2025-03-06,Sector 2,América,Agua,2,4410
2025-03-06,Sector 3,África,Fanta,3,9310
2025-03-06,Sector 2,Oceanía,Sprite,1,5030
2025-03-06,Sector 1,América,Agua,2,4660
2025-03-06,Sector 2,Oceanía,Cola Zero,2,7680
2025-03-06,Sector 2,Europa,Agua,3,7530
2025-03-07,Sector 5,Oceanía,Fanta,1,4500
2025-03-07,Sector 4,Europa,Cola Original,3,12520
2025-03-07,Sector 4,Oceanía,Sprite,2,8390
2025-03-07,Sector 1,Asia,Cola Zero,2,8710
2025-03-07,Sector 1,Asia,Agua,2,6190
2025-03-07,Sector 5,Asia,Fanta,3,8860
2025-03-07,Sector 5,Europa,Cola Original,2,8010
2025-03-07,Sector 2,África,Fanta,4,13050
2025-03-07,Sector 3,Europa,Fanta,2,6430
2025-03-07,Sector 2,Asia,Cola Zero,3,14930
2025-03-07,Sector 4,África,Agua,5,11790
2025-03-08,Sector 5,África,Fanta,2,8740
2025-03-08,Sector 5,Europa,Agua,2,6340
2025-03-08,Sector 3,Europa,Cola Zero,1,5840
2025-03-08,Sector 1,África,Fanta,2,8130
2025-03-08,Sector 5,África,Cola Original,3,12050
2025-03-08,Sector 3,África,Sprite,2,8860
2025-03-08,Sector 1,Oceanía,Sprite,1,4470
2025-03-08,Sector 1,África,Sprite,3,9870
2025-03-08,Sector 4,Asia,Cola Zero,3,12380
2025-03-08,Sector 3,Europa,Sprite,1,5590
2025-03-08,Sector 2,América,Cola Original,2,8610
2025-03-08,Sector 2,Oceanía,Cola Zero,1,6170
2025-03-09,Sector 3,Asia,Sprite,2,5890
2025-03-09,Sector 4,América,Sprite,2,6410
2025-03-09,Sector 5,Europa,Sprite,2,8820
2025-03-09,Sector 5,África,Cola Zero,3,13270
2025-03-10,Sector 5,Oceanía,Cola Zero,1,7040
2025-03-10,Sector 4,Asia,Cola Original,3,15330
2025-03-10,Sector 1,Europa,Cola Zero,1,6780
2025-03-10,Sector 2,América,Sprite,2,7780
2025-03-10,Sector 5,Asia,Agua,4,9180
2025-03-10,Sector 5,Asia,Fanta,3,10660
2025-03-10,Sector 1,Oceanía,Agua,1,3260
2025-03-10,Sector 2,América,Sprite,2,6480
2025-03-10,Sector 1,Oceanía,Cola Original,1,6250
2025-03-11,Sector 1,América,Fanta,1,4040
2025-03-11,Sector 4,Europa,Cola Zero,3,13910
2025-03-11,Sector 1,Asia,Cola Zero,2,8870
2025-03-11,Sector 4,Asia,Fanta,3,10970
2025-03-11,Sector 2,África,Sprite,4,14490
2025-03-11,Sector 4,América,Sprite,2,8780
2025-03-11,Sector 2,Europa,Agua,3,8060
2025-03-11,Sector 5,Oceanía,Cola Zero,1,6610
2025-03-11,Sector 2,Oceanía,Fanta,2,6100
2025-03-11,Sector 5,África,Sprite,2,9050
2025-03-11,Sector 3,Asia,Sprite,2,6860
2025-03-11,Sector 3,Oceanía,Fanta,1,3760
2025-03-11,Sector 2,Oceanía,Agua,2,4140
2025-03-11,Sector 3,África,Fanta,3,9190
2025-03-12,Sector 5,África,Cola Zero,2,11140
2025-03-12,Sector 3,África,Cola Zero,2,10760
2025-03-12,Sector 2,África,Cola Zero,3,12480
2025-03-12,Sector 3,Oceanía,Sprite,1,4460
2025-03-12,Sector 5,Asia,Cola Original,2,10550
2025-03-12,Sector 2,África,Agua,4,9240
2025-03-12,Sector 5,Asia,Sprite,2,8430
2025-03-12,Sector 5,Asia,Fanta,2,7980
2025-03-13,Sector 4,Oceanía,Agua,2,4750
2025-03-13,Sector 1,América,Sprite,2,6080
2025-03-13,Sector 5,América,Agua,2,5560
2025-03-13,Sector 2,América,Sprite,2,5830
2025-03-13,Sector 2,América,Cola Original,1,6420
2025-03-13,Sector 5,Asia,Agua,3,7860
2025-03-13,Sector 5,Europa,Agua,2,6100
2025-03-14,Sector 4,Asia,Sprite,4,14680
2025-03-14,Sector 5,América,Cola Original,1,6120
2025-03-14,Sector 1,Oceanía,Cola Zero,1,4530
2025-03-14,Sector 5,Oceanía,Sprite,1,4990
2025-03-14,Sector 3,América,Cola Zero,1,6620
2025-03-14,Sector 1,Europa,Agua,2,5000
2025-03-14,Sector 2,África,Fanta,4,13170
2025-03-14,Sector 2,Europa,Fanta,2,6150
2025-03-14,Sector 5,Oceanía,Cola Zero,1,5200
2025-03-14,Sector 4,América,Cola Zero,2,11750
2025-03-14,Sector 5,África,Agua,4,9430
2025-03-14,Sector 1,Oceanía,Agua,1,3540
2025-03-15,Sector 4,Asia,Agua,5,11760
2025-03-15,Sector 1,África,Cola Zero,2,9290
2025-03-15,Sector 3,Asia,Cola Zero,2,8510
2025-03-15,Sector 5,América,Agua,2,5690
2025-03-15,Sector 1,Asia,Cola Original,2,8790
2025-03-15,Sector 4,África,Fanta,5,17290
2025-03-15,Sector 5,Oceanía,Fanta,1,3950
2025-03-15,Sector 1,África,Sprite,2,7530
2025-03-15,Sector 4,Europa,Agua,3,7410
2025-03-15,Sector 4,Europa,Fanta,2,8050
2025-03-16,Sector 1,Europa,Agua,2,5220
2025-03-16,Sector 4,Asia,Cola Zero,4,18640
2025-03-16,Sector 1,Europa,Agua,2,6420
2025-03-16,Sector 2,Europa,Cola Zero,2,8560
2025-03-16,Sector 2,América,Cola Original,2,6990
2025-03-16,Sector 3,Oceanía,Agua,1,3730
2025-03-16,Sector 5,Asia,Fanta,2,8350
2025-03-16,Sector 3,Asia,Cola Original,2,7340
2025-03-17,Sector 3,África,Cola Zero,2,11120
2025-03-17,Sector 5,América,Sprite,2,7100
2025-03-17,Sector 5,Asia,Fanta,2,8680
2025-03-17,Sector 4,América,Fanta,2,7130
2025-03-17,Sector 2,Oceanía,Cola Original,2,7620
2025-03-17,Sector 5,América,Fanta,2,6900
2025-03-17,Sector 2,Europa,Agua,3,8280
2025-03-17,Sector 5,América,Fanta,2,6870
2025-03-17,Sector 5,Oceanía,Cola Original,1,5930
2025-03-17,Sector 1,América,Fanta,1,3990
2025-03-17,Sector 2,América,Fanta,2,5250
2025-03-18,Sector 5,Asia,Agua,2,5980
2025-03-18,Sector 3,Asia,Cola Original,2,8790
2025-03-18,Sector 3,América,Cola Zero,1,6380
2025-03-18,Sector 1,América,Fanta,1,4460
2025-03-18,Sector 3,África,Sprite,3,10000
2025-03-18,Sector 3,África,Fanta,2,6820
2025-03-18,Sector 3,América,Cola Original,1,4980
2025-03-19,Sector 5,Oceanía,Fanta,2,5820
2025-03-19,Sector 5,Oceanía,Cola Original,2,7490
2025-03-19,Sector 3,Asia,Sprite,2,5870
2025-03-19,Sector 5,Oceanía,Fanta,1,4730
2025-03-19,Sector 3,África,Sprite,2,8470
2025-03-19,Sector 5,Oceanía,Cola Zero,2,7330
2025-03-19,Sector 4,África,Cola Zero,4,17380
2025-03-19,Sector 2,Asia,Cola Original,2,9330
2025-03-19,Sector 2,Oceanía,Fanta,1,4290
2025-03-19,Sector 3,África,Cola Original,2,9320
2025-03-20,Sector 2,África,Cola Zero,4,18390
2025-03-20,Sector 3,América,Cola Zero,1,6340
2025-03-20,Sector 1,Europa,Sprite,2,7710
2025-03-20,Sector 3,Asia,Cola Original,2,8180
2025-03-20,Sector 4,América,Agua,2,6240
2025-03-20,Sector 3,Oceanía,Fanta,1,3710
2025-03-20,Sector 4,Europa,Sprite,3,10040
2025-03-20,Sector 3,Asia,Sprite,1,5580
2025-03-21,Sector 5,Oceanía,Cola Zero,1,6160
2025-03-21,Sector 5,África,Cola Original,3,13310
2025-03-21,Sector 3,Oceanía,Fanta,1,3640
2025-03-21,Sector 5,África,Cola Original,3,14000
2025-03-21,Sector 1,Europa,Sprite,1,5200
2025-03-21,Sector 5,África,Agua,3,7970
2025-03-21,Sector 3,Europa,Cola Zero,1,5950
2025-03-21,Sector 2,América,Agua,2,4430
2025-03-21,Sector 3,Asia,Fanta,2,6740
2025-03-21,Sector 1,Asia,Cola Zero,2,9140
2025-03-21,Sector 5,África,Sprite,3,13270
2025-03-21,Sector 3,América,Agua,2,3920
2025-03-21,Sector 2,Oceanía,Fanta,2,5700
2025-03-22,Sector 2,África,Sprite,3,11750
2025-03-22,Sector 5,Europa,Sprite,2,7530
2025-03-22,Sector 1,América,Sprite,2,6090
2025-03-22,Sector 1,Oceanía,Fanta,1,3500
2025-03-22,Sector 4,América,Cola Zero,2,10910
2025-03-22,Sector 2,África,Sprite,3,10170
2025-03-22,Sector 5,África,Sprite,2,9070
2025-03-22,Sector 2,África,Cola Original,4,16040
2025-03-22,Sector 5,Oceanía,Fanta,1,4900
2025-03-23,Sector 4,África,Cola Original,3,14480
2025-03-23,Sector 3,América,Cola Zero,1,4670
2025-03-23,Sector 3,Oceanía,Cola Original,1,4430
2025-03-23,Sector 5,América,Cola Zero,2,8550
2025-03-23,Sector 4,África,Cola Original,4,18740
2025-03-23,Sector 1,Oceanía,Sprite,1,4590
2025-03-23,Sector 3,Asia,Sprite,1,5460
2025-03-24,Sector 5,Asia,Fanta,2,6850
2025-03-24,Sector 3,África,Fanta,3,9750
2025-03-24,Sector 5,Europa,Fanta,2,7300
2025-03-24,Sector 2,Asia,Sprite,3,10820
2025-03-24,Sector 3,Europa,Cola Original,2,7500
2025-03-24,Sector 5,Europa,Fanta,2,6330
2025-03-25,Sector 4,Europa,Fanta,3,9450
2025-03-25,Sector 4,África,Sprite,5,17750
2025-03-25,Sector 1,África,Fanta,3,10940
2025-03-25,Sector 5,Oceanía,Cola Original,1,6670
2025-03-25,Sector 3,Europa,Sprite,1,4810
2025-03-25,Sector 1,Europa,Fanta,2,6090
2025-03-25,Sector 5,América,Cola Zero,1,6380
2025-03-25,Sector 2,Europa,Cola Zero,2,11790
2025-03-25,Sector 3,Asia,Fanta,2,6260
2025-03-26,Sector 2,Asia,Cola Zero,2,11180
2025-03-26,Sector 4,Asia,Agua,4,10740
2025-03-26,Sector 1,Asia,Sprite,2,7620
2025-03-26,Sector 2,Asia,Sprite,2,9200
2025-03-26,Sector 3,Oceanía,Cola Original,1,4140
2025-03-26,Sector 4,África,Cola Zero,3,16590
2025-03-26,Sector 3,Europa,Sprite,2,6670
2025-03-27,Sector 3,América,Fanta,1,3790
2025-03-27,Sector 5,Asia,Fanta,2,7000
2025-03-27,Sector 4,Europa,Fanta,3,10650
2025-03-27,Sector 4,Oceanía,Cola Zero,1,7170
2025-03-27,Sector 1,África,Fanta,3,10030
2025-03-27,Sector 1,América,Cola Zero,1,7030
2025-03-27,Sector 3,América,Fanta,1,3390
2025-03-27,Sector 4,América,Fanta,2,7360
2025-03-27,Sector 2,Asia,Cola Original,3,13070
2025-03-28,Sector 5,Europa,Sprite,2,7340
2025-03-28,Sector 2,Asia,Cola Original,3,11440
2025-03-28,Sector 1,África,Cola Original,2,9540
2025-03-28,Sector 3,América,Cola Original,1,5930
2025-03-28,Sector 5,Asia,Cola Zero,3,12870
2025-03-28,Sector 3,Oceanía,Cola Original,1,5200
2025-03-28,Sector 4,Oceanía,Cola Zero,2,7850
2025-04-01,Sector 5,África,Sprite,3,10300
2025-04-01,Sector 2,Europa,Cola Original,2,7770
2025-04-01,Sector 5,Oceanía,Cola Original,1,6370
2025-04-01,Sector 3,Europa,Cola Zero,1,6010
2025-04-01,Sector 2,América,Fanta,2,5350
2025-04-01,Sector 4,Europa,Fanta,2,8210
2025-04-01,Sector 2,Oceanía,Sprite,1,5060
2025-04-01,Sector 3,Europa,Agua,2,5590
2025-04-01,Sector 4,América,Fanta,2,8190
2025-04-01,Sector 5,Europa,Agua,3,7630
2025-04-01,Sector 5,Oceanía,Cola Zero,2,7630
2025-04-02,Sector 2,Asia,Sprite,2,8090
2025-04-02,Sector 2,África,Sprite,4,14140
2025-04-02,Sector 2,América,Cola Zero,2,9250
2025-04-02,Sector 4,Europa,Fanta,3,11490
2025-04-03,Sector 2,Europa,Cola Original,2,8350
2025-04-03,Sector 4,América,Sprite,3,9900
2025-04-03,Sector 4,Oceanía,Cola Original,2,9540
2025-04-03,Sector 2,África,Fanta,3,10400
2025-04-03,Sector 2,Europa,Cola Original,2,9870
2025-04-03,Sector 4,América,Cola Original,2,7600
2025-04-03,Sector 5,Europa,Sprite,2,7770
2025-04-03,Sector 4,Europa,Cola Zero,2,11230
2025-04-03,Sector 3,Oceanía,Agua,2,4010
2025-04-04,Sector 5,Oceanía,Cola Original,1,6380
2025-04-04,Sector 2,América,Cola Original,2,6980
2025-04-04,Sector 4,Asia,Fanta,4,13430
2025-04-04,Sector 5,África,Agua,3,9010
2025-04-04,Sector 1,África,Fanta,3,10260
2025-04-05,Sector 4,América,Cola Original,2,8570
2025-04-05,Sector 2,Asia,Fanta,2,8400
2025-04-05,Sector 3,Asia,Fanta,1,5190
2025-04-05,Sector 3,América,Sprite,1,4100
2025-04-06,Sector 4,África,Agua,5,11880
2025-04-06,Sector 2,Oceanía,Cola Original,2,8250
2025-04-06,Sector 4,África,Cola Original,3,14760
2025-04-06,Sector 3,África,Fanta,3,9500
2025-04-06,Sector 1,Asia,Cola Original,2,9560
2025-04-06,Sector 4,Europa,Agua,3,8450
2025-04-06,Sector 5,América,Cola Original,2,8020
2025-04-06,Sector 1,Asia,Cola Zero,2,9030
2025-04-06,Sector 2,Oceanía,Sprite,1,5400
2025-04-07,Sector 1,América,Cola Original,2,6840
2025-04-07,Sector 2,Oceanía,Fanta,1,4610
2025-04-07,Sector 4,Europa,Agua,4,10260
2025-04-07,Sector 4,África,Cola Original,4,18210
2025-04-07,Sector 1,África,Agua,2,6390
2025-04-07,Sector 2,Oceanía,Cola Zero,2,7580
2025-04-07,Sector 2,Europa,Fanta,2,6360
2025-04-07,Sector 1,Oceanía,Cola Zero,1,5340
2025-04-07,Sector 1,Asia,Cola Original,2,8050
2025-04-07,Sector 2,Oceanía,Sprite,1,4940
2025-04-07,Sector 4,Asia,Cola Original,4,17510
2025-04-07,Sector 5,Oceanía,Sprite,2,6120
2025-04-07,Sector 5,Europa,Sprite,2,9160
2025-04-07,Sector 2,Oceanía,Cola Zero,2,8610
2025-04-08,Sector 5,Asia,Cola Original,3,11850
2025-04-08,Sector 1,África,Fanta,2,7660
2025-04-08,Sector 3,África,Fanta,2,7510
2025-04-08,Sector 4,Asia,Cola Original,4,15960
2025-04-08,Sector 5,Oceanía,Agua,2,4910
2025-04-08,Sector 2,Oceanía,Sprite,2,6270
2025-04-08,Sector 2,Europa,Sprite,2,7320
2025-04-08,Sector 1,Europa,Sprite,2,6050
2025-04-08,Sector 2,América,Cola Zero,2,7770
2025-04-08,Sector 3,Asia,Sprite,2,6490
2025-04-08,Sector 5,Oceanía,Fanta,1,4980
2025-04-09,Sector 3,América,Sprite,1,5160
2025-04-09,Sector 1,África,Cola Zero,3,12890
2025-04-09,Sector 1,África,Fanta,3,11060
2025-04-09,Sector 1,África,Agua,4,9490
2025-04-09,Sector 5,Asia,Sprite,2,9110
2025-04-09,Sector 2,América,Sprite,1,5440
2025-04-09,Sector 1,Europa,Cola Original,1,6570
2025-04-09,Sector 5,América,Sprite,2,6370
2025-04-09,Sector 1,Asia,Agua,3,6710
2025-04-09,Sector 3,Europa,Fanta,1,4840
2025-04-09,Sector 5,Europa,Sprite,2,7470
2025-04-09,Sector 5,Europa,Cola Zero,2,11400
2025-04-09,Sector 5,África,Sprite,3,9730
2025-04-09,Sector 4,América,Sprite,2,7130
2025-04-09,Sector 2,África,Cola Zero,3,12690
2025-04-10,Sector 2,África,Agua,3,8750
2025-04-10,Sector 1,Europa,Agua,2,6260
2025-04-10,Sector 5,Europa,Sprite,2,8630
2025-04-10,Sector 3,Asia,Agua,3,6690
2025-04-10,Sector 4,América,Sprite,2,9090
2025-04-10,Sector 5,África,Cola Original,3,15740
2025-04-10,Sector 1,África,Cola Zero,3,12080
2025-04-10,Sector 4,Europa,Cola Zero,2,11410
2025-04-10,Sector 2,Europa,Agua,3,8070
2025-04-10,Sector 2,Europa,Sprite,2,7540
2025-04-11,Sector 4,Oceanía,Sprite,2,8030
2025-04-11,Sector 3,Oceanía,Agua,1,3630
2025-04-11,Sector 5,Oceanía,Sprite,1,5250
2025-04-11,Sector 4,América,Sprite,2,8530
2025-04-11,Sector 5,Europa,Fanta,2,5900
2025-04-11,Sector 5,Asia,Fanta,3,10510
2025-04-11,Sector 5,América,Cola Original,2,7140
2025-04-11,Sector 2,Oceanía,Cola Original,1,5440
2025-04-11,Sector 3,América,Cola Original,1,6080
2025-04-12,Sector 3,Oceanía,Sprite,1,4440
2025-04-12,Sector 5,Oceanía,Agua,2,4610
2025-04-12,Sector 1,África,Cola Zero,2,11180
2025-04-12,Sector 3,Europa,Agua,2,5450
2025-04-12,Sector 5,Oceanía,Fanta,2,5760
2025-04-13,Sector 3,América,Agua,1,3700
2025-04-13,Sector 5,América,Sprite,2,6990
2025-04-13,Sector 5,América,Cola Original,1,6630
2025-04-13,Sector 3,Asia,Cola Zero,2,8640
2025-04-13,Sector 1,África,Agua,3,8370
2025-04-13,Sector 3,América,Fanta,1,3380
2025-04-13,Sector 5,África,Cola Original,3,11920
2025-04-14,Sector 5,Europa,Fanta,2,8030
2025-04-14,Sector 5,Europa,Fanta,2,6580
2025-04-14,Sector 2,América,Agua,2,6120
2025-04-14,Sector 2,Oceanía,Cola Zero,1,6570
2025-04-14,Sector 3,América,Cola Zero,1,4730
2025-04-14,Sector 5,Asia,Cola Original,3,11480
2025-04-14,Sector 2,Asia,Cola Zero,3,13860
2025-04-14,Sector 5,América,Sprite,2,6650
2025-04-14,Sector 1,América,Fanta,2,5420
2025-04-15,Sector 1,Oceanía,Cola Zero,1,5460
2025-04-15,Sector 3,América,Sprite,1,4900
2025-04-15,Sector 5,Oceanía,Fanta,1,4070
2025-04-15,Sector 3,Asia,Cola Original,2,7110
2025-04-15,Sector 1,África,Fanta,3,10730
2025-04-15,Sector 1,Oceanía,Fanta,1,4810
2025-04-15,Sector 3,Asia,Sprite,2,6060
2025-04-15,Sector 4,África,Cola Original,4,18270
2025-04-15,Sector 5,Asia,Fanta,3,9940
2025-04-15,Sector 2,África,Sprite,3,11100
2025-04-15,Sector 5,América,Cola Original,2,8150
2025-04-15,Sector 2,América,Fanta,2,6910
2025-04-15,Sector 2,Europa,Sprite,2,6570
2025-04-15,Sector 3,Oceanía,Cola Zero,1,3890
2025-04-16,Sector 2,Oceanía,Agua,2,4040
2025-04-16,Sector 3,Asia,Agua,3,6930
2025-04-16,Sector 2,Asia,Fanta,3,9860
2025-04-16,Sector 4,Europa,Agua,4,9140
2025-04-16,Sector 2,Oceanía,Sprite,2,6460
2025-04-16,Sector 1,Oceanía,Agua,1,3380
2025-04-17,Sector 4,Oceanía,Cola Zero,2,7560
2025-04-17,Sector 4,Oceanía,Agua,2,6360
2025-04-17,Sector 1,América,Fanta,1,4380
2025-04-18,Sector 5,Europa,Cola Original,2,10630
2025-04-18,Sector 1,África,Fanta,2,7680
2025-04-18,Sector 4,Oceanía,Fanta,2,5380
2025-04-18,Sector 3,Oceanía,Sprite,1,3620
2025-04-18,Sector 5,América,Cola Original,2,7320
2025-04-18,Sector 5,África,Sprite,3,11780
2025-04-18,Sector 2,África,Agua,4,9110
2025-04-18,Sector 5,África,Sprite,3,11160
2025-04-18,Sector 4,América,Fanta,2,8330
2025-04-19,Sector 4,Europa,Cola Zero,2,10910
2025-04-19,Sector 3,Europa,Cola Original,2,8230
2025-04-19,Sector 1,Asia,Cola Zero,2,9990
2025-04-19,Sector 4,Europa,Sprite,2,8220
2025-04-19,Sector 4,Asia,Sprite,3,9850
2025-04-19,Sector 2,África,Sprite,3,12120
2025-04-19,Sector 1,Oceanía,Cola Original,1,6400
2025-04-19,Sector 4,Oceanía,Fanta,2,6100
2025-04-19,Sector 2,Asia,Cola Original,3,14030
2025-04-20,Sector 4,Oceanía,Agua,2,5820
2025-04-20,Sector 5,Europa,Agua,2,5410
2025-04-20,Sector 4,Europa,Sprite,3,11890
2025-04-20,Sector 5,Europa,Fanta,2,8150
2025-04-20,Sector 1,África,Sprite,2,8380
2025-04-20,Sector 1,Oceanía,Fanta,1,4740
2025-04-21,Sector 3,Oceanía,Cola Original,1,5600
2025-04-21,Sector 3,Asia,Cola Original,2,8020
2025-04-21,Sector 2,Asia,Sprite,3,10820
2025-04-21,Sector 2,Europa,Cola Original,2,8360
2025-04-21,Sector 2,África,Sprite,3,10890
2025-04-21,Sector 5,América,Cola Zero,2,7630
2025-04-21,Sector 2,Oceanía,Agua,2,5180
2025-04-21,Sector 2,Europa,Cola Zero,2,10420
2025-04-22,Sector 1,Oceanía,Agua,1,3220
2025-04-22,Sector 5,África,Agua,4,9370
2025-04-22,Sector 3,Europa,Agua,2,5390
2025-04-22,Sector 5,Oceanía,Cola Original,1,5310
2025-04-22,Sector 4,América,Fanta,2,6680
2025-04-22,Sector 5,Europa,Cola Zero,2,8750
2025-04-22,Sector 5,Europa,Agua,3,7010
2025-04-23,Sector 5,Asia,Fanta,3,8950
2025-04-23,Sector 3,África,Cola Zero,2,10770
2025-04-23,Sector 1,Asia,Cola Zero,2,8620
2025-04-23,Sector 3,Europa,Cola Zero,1,5910
2025-04-23,Sector 4,África,Cola Original,5,21270
2025-04-23,Sector 4,África,Cola Original,5,21820
2025-04-23,Sector 4,Asia,Agua,4,11020
2025-04-23,Sector 4,África,Cola Zero,3,16760
2025-04-23,Sector 4,Europa,Fanta,3,10280
2025-04-24,Sector 4,América,Fanta,2,6930
2025-04-24,Sector 5,África,Cola Original,4,15870
2025-04-24,Sector 2,Europa,Fanta,2,6600
2025-04-24,Sector 5,Europa,Cola Zero,2,7640
2025-04-24,Sector 2,Europa,Cola Zero,3,12190
2025-04-24,Sector 1,América,Fanta,1,4210
2025-04-24,Sector 1,Europa,Cola Zero,2,8150
2025-04-24,Sector 1,Oceanía,Agua,1,3150
2025-04-24,Sector 4,Asia,Fanta,4,13770
2025-04-25,Sector 1,Asia,Fanta,3,8840
2025-04-25,Sector 3,Europa,Cola Zero,1,6160
2025-04-25,Sector 5,Europa,Cola Zero,2,11170
2025-04-25,Sector 4,Oceanía,Sprite,2,6180
2025-04-25,Sector 5,Europa,Sprite,2,7970
2025-04-25,Sector 5,Oceanía,Fanta,2,5860
2025-04-25,Sector 5,Asia,Sprite,3,9640
2025-04-25,Sector 1,Oceanía,Agua,1,3000
2025-04-25,Sector 4,Asia,Fanta,4,12580
2025-04-25,Sector 4,Oceanía,Cola Original,2,8410
2025-04-25,Sector 4,África,Sprite,3,12290
2025-04-25,Sector 4,Asia,Agua,5,12450
2025-04-26,Sector 1,América,Cola Zero,1,6110
2025-04-26,Sector 4,América,Sprite,2,6490
2025-04-26,Sector 3,Europa,Fanta,1,5180
2025-04-26,Sector 2,Asia,Fanta,2,7560
2025-04-26,Sector 2,América,Cola Original,2,7080
2025-04-26,Sector 4,Oceanía,Agua,2,4850
2025-04-26,Sector 5,Europa,Agua,2,6020
2025-04-27,Sector 3,África,Sprite,3,9680
2025-04-27,Sector 3,Oceanía,Cola Zero,1,5900
2025-04-27,Sector 4,Asia,Agua,4,10750
2025-04-27,Sector 5,Europa,Agua,3,6870
2025-04-27,Sector 5,Asia,Fanta,2,7540
2025-04-27,Sector 3,Asia,Cola Zero,2,9530
2025-04-27,Sector 5,Oceanía,Agua,2,5020
2025-04-27,Sector 5,África,Cola Zero,3,12780
2025-04-27,Sector 1,América,Fanta,1,4290
2025-04-27,Sector 5,Europa,Cola Zero,2,10990
2025-04-28,Sector 2,América,Fanta,2,7520
2025-04-28,Sector 1,Europa,Sprite,2,7280
2025-04-28,Sector 2,Asia,Fanta,2,7550
2025-04-28,Sector 1,África,Cola Zero,3,14330
2025-04-28,Sector 4,Oceanía,Agua,3,6710
2025-04-28,Sector 5,Oceanía,Agua,2,4480
2025-05-01,Sector 4,África,Cola Zero,5,22520
2025-05-01,Sector 3,América,Fanta,1,4680
2025-05-01,Sector 5,Asia,Cola Zero,2,9810
2025-05-01,Sector 3,Asia,Cola Zero,2,10100
2025-05-01,Sector 5,Europa,Fanta,2,6740
2025-05-02,Sector 3,Europa,Agua,2,5110
2025-05-02,Sector 4,África,Agua,6,15420
2025-05-02,Sector 2,Europa,Sprite,2,7800
2025-05-02,Sector 2,América,Agua,2,4460
2025-05-02,Sector 2,Oceanía,Sprite,2,6930
2025-05-02,Sector 4,Europa,Agua,3,7490
2025-05-02,Sector 1,Europa,Cola Zero,2,9280
2025-05-02,Sector 5,Europa,Cola Zero,2,10480
2025-05-03,Sector 2,África,Agua,5,12260
2025-05-03,Sector 3,África,Agua,3,8660
2025-05-03,Sector 2,Europa,Fanta,3,9310
2025-05-03,Sector 2,Oceanía,Cola Original,1,5650
2025-05-03,Sector 1,Asia,Agua,2,6350
2025-05-04,Sector 5,Europa,Fanta,2,7870
2025-05-04,Sector 5,Asia,Agua,3,9070
2025-05-04,Sector 2,África,Cola Original,4,15770
2025-05-04,Sector 1,Oceanía,Cola Zero,1,4980
2025-05-04,Sector 5,África,Cola Zero,3,16010
2025-05-04,Sector 5,Europa,Sprite,2,8000
2025-05-04,Sector 4,Oceanía,Cola Original,2,9600
2025-05-04,Sector 3,Asia,Cola Original,2,8460
2025-05-04,Sector 3,África,Fanta,3,9820
2025-05-05,Sector 3,América,Cola Zero,1,4650
2025-05-05,Sector 3,Asia,Sprite,1,5520
2025-05-05,Sector 2,Asia,Sprite,2,8390
2025-05-05,Sector 5,América,Fanta,2,6060
2025-05-05,Sector 5,África,Cola Original,4,16720
2025-05-05,Sector 2,Oceanía,Cola Zero,2,7490
2025-05-05,Sector 1,América,Fanta,1,4550
2025-05-05,Sector 4,Oceanía,Cola Zero,2,8080
2025-05-05,Sector 3,Europa,Cola Zero,1,6950
2025-05-06,Sector 4,América,Cola Zero,2,10450
2025-05-06,Sector 3,Europa,Sprite,2,6850
2025-05-06,Sector 4,África,Sprite,3,12670
2025-05-06,Sector 4,América,Cola Zero,2,8150
2025-05-06,Sector 3,Asia,Fanta,2,6280
2025-05-06,Sector 5,África,Cola Zero,3,13460
2025-05-06,Sector 2,América,Cola Original,2,8980
2025-05-06,Sector 5,América,Sprite,2,7020
2025-05-06,Sector 4,América,Cola Zero,2,8290
2025-05-06,Sector 5,Europa,Sprite,2,6720
2025-05-06,Sector 1,Oceanía,Sprite,1,4630
2025-05-06,Sector 5,América,Agua,2,5980
2025-05-06,Sector 5,Oceanía,Cola Zero,1,5420
2025-05-06,Sector 3,Oceanía,Fanta,1,4000
2025-05-06,Sector 1,Europa,Cola Zero,2,9000
2025-05-06,Sector 1,Oceanía,Sprite,1,3980
2025-05-06,Sector 4,América,Fanta,2,8200
2025-05-06,Sector 1,África,Agua,3,8480
2025-05-07,Sector 2,Europa,Sprite,2,9130
2025-05-07,Sector 5,Asia,Fanta,3,9930
2025-05-07,Sector 4,Asia,Agua,4,9330
2025-05-07,Sector 4,Asia,Sprite,4,15000
2025-05-07,Sector 3,Asia,Fanta,2,7840
2025-05-07,Sector 5,Europa,Cola Zero,2,10100
2025-05-07,Sector 4,América,Agua,2,5600
2025-05-07,Sector 2,Oceanía,Agua,2,4860
2025-05-07,Sector 4,Asia,Fanta,3,9590
2025-05-07,Sector 2,América,Sprite,2,7610
2025-05-07,Sector 4,Europa,Agua,3,7360
2025-05-08,Sector 3,Asia,Agua,2,5330
2025-05-08,Sector 5,Asia,Cola Original,2,8780
2025-05-08,Sector 1,Oceanía,Cola Original,1,6240
2025-05-08,Sector 5,Oceanía,Cola Zero,1,5220
2025-05-08,Sector 1,América,Sprite,1,4460
2025-05-08,Sector 3,Oceanía,Fanta,1,3100
2025-05-08,Sector 1,África,Cola Original,2,10890
2025-05-08,Sector 5,Europa,Cola Original,2,9600
2025-05-08,Sector 2,Asia,Cola Zero,3,15220
2025-05-08,Sector 3,África,Agua,2,5820
2025-05-08,Sector 3,África,Cola Original,2,9240
2025-05-08,Sector 5,Oceanía,Agua,2,4590
2025-05-09,Sector 5,América,Sprite,2,6890
2025-05-09,Sector 1,África,Sprite,2,7960
2025-05-09,Sector 2,Asia,Sprite,2,8080
2025-05-09,Sector 5,África,Cola Zero,3,15690
2025-05-09,Sector 3,América,Sprite,1,4150
2025-05-09,Sector 5,Asia,Fanta,2,7160
2025-05-09,Sector 5,Oceanía,Cola Original,1,6370
2025-05-09,Sector 3,Oceanía,Cola Zero,1,5700
2025-05-09,Sector 4,África,Fanta,5,16900
2025-05-09,Sector 4,Asia,Cola Original,3,15530
2025-05-09,Sector 4,Asia,Cola Original,3,13800
2025-05-10,Sector 3,América,Fanta,1,4850
2025-05-10,Sector 5,África,Fanta,3,11870
2025-05-10,Sector 4,África,Agua,5,12200
2025-05-10,Sector 1,Europa,Cola Zero,2,8300
2025-05-10,Sector 1,Oceanía,Cola Zero,1,6510
2025-05-10,Sector 2,América,Agua,2,5620
2025-05-10,Sector 4,América,Cola Zero,2,9890
2025-05-11,Sector 1,Europa,Cola Original,1,6480
2025-05-11,Sector 2,Oceanía,Sprite,1,4830
2025-05-11,Sector 2,África,Sprite,4,13820
2025-05-11,Sector 5,Asia,Fanta,2,8150
2025-05-11,Sector 5,Oceanía,Cola Zero,1,5240
2025-05-11,Sector 1,Oceanía,Fanta,1,4490
2025-05-11,Sector 4,Oceanía,Fanta,2,7230
2025-05-11,Sector 1,Europa,Agua,2,6070
2025-05-11,Sector 3,América,Cola Original,1,6480
2025-05-11,Sector 2,América,Cola Zero,2,7320
2025-05-11,Sector 2,Oceanía,Cola Zero,2,8120
2025-05-11,Sector 2,América,Agua,2,6160
2025-05-11,Sector 4,Asia,Cola Zero,3,13010
2025-05-11,Sector 3,Asia,Cola Original,2,7090
2025-05-12,Sector 1,Europa,Sprite,1,5390
2025-05-12,Sector 4,África,Fanta,4,13700
2025-05-12,Sector 3,Oceanía,Fanta,1,4260
2025-05-12,Sector 5,África,Agua,3,9090
2025-05-12,Sector 4,Oceanía,Fanta,2,7150
2025-05-13,Sector 5,América,Cola Zero,2,8950
2025-05-13,Sector 2,Oceanía,Agua,1,3800
2025-05-13,Sector 3,Europa,Fanta,2,6210
2025-05-13,Sector 2,Oceanía,Fanta,2,6340
2025-05-13,Sector 1,Oceanía,Agua,1,3430
2025-05-13,Sector 2,América,Cola Zero,2,8560
2025-05-14,Sector 4,Europa,Sprite,3,10910
2025-05-14,Sector 1,Oceanía,Sprite,1,4720
2025-05-14,Sector 2,Asia,Sprite,3,10990
2025-05-14,Sector 1,América,Cola Original,2,6870
2025-05-14,Sector 1,Europa,Fanta,2,6490
2025-05-14,Sector 2,Europa,Cola Original,3,11870
2025-05-14,Sector 1,América,Fanta,1,5050
2025-05-14,Sector 4,América,Fanta,2,7330
2025-05-14,Sector 2,Asia,Cola Zero,2,10200
2025-05-14,Sector 3,África,Cola Zero,2,9260
2025-05-15,Sector 5,Europa,Cola Zero,2,8570
2025-05-15,Sector 5,Asia,Sprite,3,10220
2025-05-15,Sector 2,África,Fanta,4,13700
2025-05-15,Sector 5,Asia,Cola Zero,2,10070
2025-05-15,Sector 4,África,Fanta,4,13540
2025-05-15,Sector 5,África,Sprite,3,10440
2025-05-15,Sector 4,Asia,Agua,5,12060
2025-05-15,Sector 5,Europa,Cola Original,2,10460
2025-05-15,Sector 5,Europa,Cola Zero,2,7740
2025-05-15,Sector 1,África,Fanta,2,7980
2025-05-15,Sector 4,África,Cola Zero,4,20960
2025-05-15,Sector 1,Europa,Cola Zero,1,7180
2025-05-15,Sector 2,América,Cola Original,2,7990
2025-05-15,Sector 2,América,Sprite,2,7540
2025-05-16,Sector 4,Oceanía,Cola Original,2,7650
2025-05-16,Sector 2,África,Sprite,3,11850
2025-05-16,Sector 5,Europa,Fanta,2,8590
2025-05-16,Sector 4,África,Sprite,4,15250
2025-05-16,Sector 3,Europa,Sprite,1,4820
2025-05-16,Sector 3,América,Cola Zero,1,4880
2025-05-16,Sector 4,Europa,Cola Zero,2,11770
2025-05-16,Sector 1,Asia,Agua,2,5260
2025-05-16,Sector 5,Europa,Sprite,2,6670
2025-05-17,Sector 5,Europa,Cola Original,2,10400
2025-05-17,Sector 3,Europa,Agua,2,4280
2025-05-17,Sector 2,Asia,Fanta,3,9590
2025-05-17,Sector 5,América,Agua,2,5350
2025-05-17,Sector 3,África,Sprite,2,9460
2025-05-17,Sector 3,América,Cola Zero,1,5290
2025-05-17,Sector 5,Asia,Fanta,2,8660
2025-05-17,Sector 1,Europa,Sprite,2,5780
2025-05-18,Sector 4,Oceanía,Agua,2,5200
2025-05-18,Sector 5,América,Cola Zero,2,8170
2025-05-18,Sector 3,Asia,Cola Zero,2,9020
2025-05-18,Sector 1,Asia,Cola Zero,2,8690
2025-05-18,Sector 5,Europa,Sprite,2,7870
2025-05-18,Sector 4,Asia,Fanta,4,14020
2025-05-18,Sector 4,América,Cola Zero,2,8770
2025-05-18,Sector 3,Oceanía,Cola Original,1,4160
2025-05-18,Sector 4,Europa,Cola Zero,3,13720
2025-05-19,Sector 4,Oceanía,Cola Zero,2,8380
2025-05-19,Sector 5,África,Cola Original,2,11150
2025-05-19,Sector 4,África,Sprite,3,12360
2025-05-19,Sector 2,África,Fanta,4,14280
2025-05-19,Sector 1,Oceanía,Fanta,1,3610
2025-05-19,Sector 3,América,Cola Zero,1,5770
2025-05-19,Sector 4,América,Sprite,2,9490
2025-05-20,Sector 4,África,Cola Original,3,14690
2025-05-20,Sector 2,Europa,Cola Zero,3,12110
2025-05-20,Sector 1,África,Fanta,3,11260
2025-05-20,Sector 5,Asia,Agua,3,8540
2025-05-20,Sector 3,Asia,Cola Original,2,9480
2025-05-20,Sector 1,Asia,Cola Zero,2,11700
2025-05-20,Sector 3,Oceanía,Agua,1,3400
2025-05-20,Sector 5,Oceanía,Cola Zero,1,6310
2025-05-20,Sector 5,América,Cola Original,2,7360
2025-05-20,Sector 4,África,Cola Original,5,22110
2025-05-21,Sector 3,Asia,Cola Original,2,8930
2025-05-21,Sector 1,Asia,Agua,3,7640
2025-05-21,Sector 1,Europa,Fanta,2,6800
2025-05-21,Sector 5,Europa,Cola Original,2,9910
2025-05-21,Sector 2,Asia,Fanta,3,9270
2025-05-21,Sector 2,Europa,Agua,2,5650
2025-05-21,Sector 3,Asia,Agua,3,6970
2025-05-21,Sector 3,Europa,Sprite,2,6060
2025-05-21,Sector 3,África,Fanta,3,8810
2025-05-21,Sector 4,África,Agua,6,14840
2025-05-22,Sector 5,América,Agua,2,5320
2025-05-22,Sector 5,Oceanía,Sprite,1,4620
2025-05-22,Sector 4,América,Fanta,2,7880
2025-05-22,Sector 3,América,Fanta,1,4260
2025-05-22,Sector 1,África,Cola Original,2,11120
2025-05-22,Sector 2,África,Cola Original,4,16460
2025-05-22,Sector 1,Europa,Cola Original,2,7310
2025-05-22,Sector 3,Asia,Cola Original,2,9010
2025-05-22,Sector 3,Asia,Cola Original,2,6970
2025-05-22,Sector 1,Europa,Cola Original,1,6590
2025-05-22,Sector 3,Asia,Cola Original,2,9470
2025-05-23,Sector 2,América,Cola Zero,2,7970
2025-05-23,Sector 2,África,Fanta,4,12690
2025-05-23,Sector 2,Asia,Cola Original,3,12210
2025-05-23,Sector 4,América,Cola Original,2,9730
2025-05-23,Sector 3,América,Fanta,1,3730
2025-05-23,Sector 3,Oceanía,Cola Original,1,4060
2025-05-23,Sector 2,Oceanía,Fanta,2,5590
2025-05-23,Sector 5,Oceanía,Agua,2,5310
2025-05-23,Sector 2,África,Cola Zero,3,14350
2025-05-24,Sector 4,Oceanía,Fanta,2,7400
2025-05-24,Sector 2,Oceanía,Agua,2,4190
2025-05-24,Sector 1,América,Sprite,1,4660
2025-05-24,Sector 2,África,Sprite,4,14120
2025-05-24,Sector 4,Oceanía,Agua,3,6610
2025-05-24,Sector 5,Asia,Fanta,3,9160
2025-05-25,Sector 3,Oceanía,Agua,1,2780
2025-05-25,Sector 3,Europa,Agua,2,4580
2025-05-25,Sector 4,Oceanía,Sprite,2,7150
2025-05-25,Sector 4,Europa,Fanta,3,9320
2025-05-25,Sector 5,Asia,Fanta,2,8410
2025-05-25,Sector 3,Europa,Cola Original,1,5880
2025-05-25,Sector 3,América,Cola Zero,1,6800
2025-05-25,Sector 1,Asia,Cola Zero,2,10990
2025-05-25,Sector 1,Asia,Agua,2,5380
2025-05-25,Sector 1,Oceanía,Cola Original,1,5970
2025-05-25,Sector 5,Europa,Cola Zero,2,10290
2025-05-26,Sector 3,Oceanía,Cola Original,1,4290
2025-05-26,Sector 3,Europa,Sprite,2,7070
2025-05-26,Sector 1,Oceanía,Cola Zero,1,5950
2025-05-26,Sector 5,Europa,Fanta,2,5910
2025-05-26,Sector 3,Oceanía,Sprite,1,3910
2025-05-26,Sector 3,Oceanía,Cola Zero,1,5300
2025-05-26,Sector 2,Europa,Cola Zero,3,12020
2025-05-26,Sector 2,Oceanía,Sprite,1,5200
2025-05-26,Sector 3,África,Agua,3,6990
2025-05-26,Sector 3,América,Cola Original,1,6290
2025-05-27,Sector 5,Europa,Sprite,2,7680
2025-05-27,Sector 3,Europa,Agua,2,4430
2025-05-27,Sector 5,Europa,Cola Zero,2,8270
2025-05-27,Sector 5,América,Cola Zero,1,6840
2025-05-27,Sector 2,Asia,Sprite,2,8200
2025-05-27,Sector 3,Europa,Fanta,2,6630
2025-05-28,Sector 4,Asia,Sprite,3,10500
2025-05-28,Sector 2,América,Cola Original,2,7890
2025-05-28,Sector 1,América,Sprite,1,4680
2025-05-28,Sector 4,Asia,Agua,3,8810
2025-05-28,Sector 5,Europa,Fanta,2,6540
2025-05-28,Sector 1,Europa,Cola Zero,2,7490
2025-05-28,Sector 5,Europa,Fanta,2,5760
2025-06-01,Sector 2,América,Cola Original,1,6310
2025-06-01,Sector 4,África,Sprite,4,15430
2025-06-01,Sector 2,Oceanía,Cola Zero,2,8010
2025-06-01,Sector 5,África,Fanta,4,12430
2025-06-01,Sector 4,Europa,Cola Original,2,10620
2025-06-01,Sector 2,Asia,Cola Original,3,12160
2025-06-01,Sector 4,Asia,Agua,3,8650
2025-06-01,Sector 1,América,Fanta,2,5650
2025-06-02,Sector 3,Asia,Cola Original,2,7690
2025-06-02,Sector 1,Asia,Agua,3,7100
2025-06-02,Sector 2,Europa,Sprite,2,8670
2025-06-02,Sector 2,África,Cola Zero,4,17020
2025-06-02,Sector 2,Oceanía,Sprite,2,6790
2025-06-02,Sector 5,América,Sprite,2,7130
2025-06-02,Sector 2,África,Cola Original,3,12300
2025-06-02,Sector 2,Oceanía,Cola Original,2,7310
2025-06-02,Sector 3,Asia,Agua,2,4640
2025-06-03,Sector 5,Asia,Sprite,3,10190
2025-06-03,Sector 4,América,Fanta,2,5980
2025-06-03,Sector 2,Oceanía,Cola Zero,2,8280
2025-06-03,Sector 2,África,Sprite,4,14600
2025-06-03,Sector 2,África,Agua,4,10200
2025-06-03,Sector 4,Europa,Cola Original,2,9930
2025-06-03,Sector 2,Asia,Agua,3,7720
2025-06-03,Sector 1,Europa,Agua,2,5240
2025-06-04,Sector 2,Asia,Sprite,3,9710
2025-06-04,Sector 1,América,Cola Original,1,5480
2025-06-04,Sector 1,América,Cola Original,1,4990
2025-06-04,Sector 5,Europa,Cola Zero,2,10260
2025-06-04,Sector 2,África,Agua,5,12270
2025-06-04,Sector 3,Oceanía,Sprite,1,3260
2025-06-04,Sector 2,África,Fanta,3,10660
2025-06-05,Sector 4,Oceanía,Sprite,2,7710
2025-06-05,Sector 1,Oceanía,Fanta,1,4440
2025-06-05,Sector 1,África,Fanta,3,9160
2025-06-05,Sector 3,África,Cola Original,2,9240
2025-06-06,Sector 1,Europa,Sprite,2,6250
2025-06-06,Sector 5,América,Cola Zero,2,8440
2025-06-06,Sector 1,América,Sprite,1,4770
2025-06-06,Sector 4,Oceanía,Cola Original,2,8550
2025-06-06,Sector 1,África,Cola Zero,2,11820
2025-06-06,Sector 1,Europa,Sprite,1,5560
2025-06-06,Sector 2,África,Fanta,3,10230
2025-06-06,Sector 3,Oceanía,Cola Zero,1,4140
2025-06-06,Sector 3,África,Agua,3,7990
2025-06-06,Sector 1,América,Fanta,1,4980
2025-06-06,Sector 2,América,Cola Zero,2,9210
2025-06-06,Sector 3,América,Cola Original,1,4880
2025-06-07,Sector 3,Oceanía,Sprite,1,4460
2025-06-07,Sector 1,África,Cola Original,3,11460
2025-06-07,Sector 2,Europa,Sprite,2,8550
2025-06-07,Sector 3,Oceanía,Fanta,1,4190
2025-06-07,Sector 2,África,Sprite,4,14620
2025-06-07,Sector 1,Europa,Agua,2,5260
2025-06-07,Sector 4,América,Sprite,2,7800
2025-06-07,Sector 5,América,Cola Original,1,6040
2025-06-07,Sector 5,África,Sprite,3,12100
2025-06-07,Sector 2,Europa,Agua,2,6200
2025-06-07,Sector 4,América,Cola Zero,2,9250
2025-06-07,Sector 3,Europa,Sprite,2,6460
2025-06-07,Sector 3,América,Cola Zero,1,4710
2025-06-07,Sector 5,Asia,Cola Original,2,9170
2025-06-07,Sector 2,América,Agua,2,5840
2025-06-07,Sector 3,África,Fanta,3,8840
2025-06-07,Sector 5,Oceanía,Agua,2,5130
2025-06-08,Sector 2,Europa,Fanta,3,8950
2025-06-08,Sector 2,Asia,Fanta,3,9360
2025-06-08,Sector 5,Asia,Fanta,2,7120
2025-06-08,Sector 5,África,Fanta,4,12660
2025-06-08,Sector 1,Europa,Cola Original,2,8760
2025-06-08,Sector 1,Asia,Fanta,2,6040
2025-06-08,Sector 3,Asia,Cola Zero,2,10570
2025-06-08,Sector 2,América,Fanta,2,5740
2025-06-08,Sector 4,América,Sprite,3,9590
2025-06-08,Sector 1,África,Cola Original,3,14110
2025-06-08,Sector 4,Oceanía,Agua,3,6840
2025-06-08,Sector 1,Asia,Sprite,2,7460
2025-06-08,Sector 5,África,Cola Original,3,14930
2025-06-09,Sector 2,Asia,Cola Original,3,11580
2025-06-09,Sector 1,África,Cola Original,2,10150
2025-06-09,Sector 5,Asia,Sprite,2,7930
2025-06-10,Sector 3,Oceanía,Fanta,1,3030
2025-06-10,Sector 2,América,Agua,2,4580
2025-06-10,Sector 3,Oceanía,Agua,1,2720
2025-06-10,Sector 3,Oceanía,Cola Zero,1,5460
2025-06-10,Sector 4,Asia,Agua,4,11370
2025-06-10,Sector 5,África,Sprite,3,11740
2025-06-10,Sector 4,Oceanía,Agua,2,5900
2025-06-10,Sector 4,América,Agua,3,7260
2025-06-10,Sector 5,Oceanía,Sprite,1,5360
2025-06-10,Sector 4,Oceanía,Cola Original,2,9140
2025-06-11,Sector 5,Europa,Sprite,2,8820
2025-06-11,Sector 2,América,Cola Original,2,6800
2025-06-11,Sector 2,Oceanía,Sprite,2,6270
2025-06-11,Sector 2,Oceanía,Cola Zero,1,6730
2025-06-11,Sector 1,América,Agua,1,3740
2025-06-11,Sector 3,Europa,Fanta,2,6630
2025-06-11,Sector 2,Oceanía,Fanta,2,6520
2025-06-11,Sector 4,África,Agua,4,11480
2025-06-11,Sector 4,América,Agua,3,7060
2025-06-11,Sector 1,Asia,Cola Zero,2,10340
2025-06-12,Sector 3,África,Fanta,3,10150
2025-06-12,Sector 1,África,Fanta,2,8550
2025-06-12,Sector 1,Europa,Cola Zero,2,7960
2025-06-12,Sector 1,Europa,Cola Original,2,6860
2025-06-12,Sector 3,América,Fanta,1,4710
2025-06-12,Sector 5,Europa,Cola Zero,2,9810
2025-06-12,Sector 4,América,Cola Original,2,10870
2025-06-12,Sector 3,Asia,Fanta,2,7740
2025-06-13,Sector 5,Europa,Fanta,2,8420
2025-06-13,Sector 4,África,Agua,5,12820
2025-06-13,Sector 2,Oceanía,Sprite,1,4890
2025-06-13,Sector 3,Europa,Fanta,2,5630
2025-06-13,Sector 1,África,Cola Original,3,11300
2025-06-13,Sector 4,África,Cola Zero,4,20980
2025-06-13,Sector 5,América,Fanta,2,6320
2025-06-13,Sector 5,Oceanía,Agua,2,4740
2025-06-13,Sector 3,América,Cola Original,1,6240
2025-06-13,Sector 5,África,Sprite,3,9700
2025-06-14,Sector 1,Oceanía,Cola Zero,1,4550
2025-06-14,Sector 5,Asia,Cola Original,3,12850
2025-06-14,Sector 5,América,Cola Zero,2,8030
2025-06-14,Sector 3,Oceanía,Agua,1,2610
2025-06-14,Sector 4,Asia,Sprite,3,11420
2025-06-14,Sector 3,Asia,Sprite,2,8330
2025-06-14,Sector 1,Europa,Agua,2,4900
2025-06-14,Sector 2,Asia,Agua,4,9100
2025-06-15,Sector 3,Asia,Cola Zero,2,9010
2025-06-15,Sector 3,América,Cola Zero,1,4800
2025-06-15,Sector 5,Europa,Fanta,2,6600
2025-06-15,Sector 5,Asia,Cola Original,3,13030
2025-06-15,Sector 5,América,Sprite,2,6690
2025-06-15,Sector 5,América,Agua,2,4720
2025-06-15,Sector 1,Oceanía,Fanta,1,4960
2025-06-16,Sector 3,Europa,Cola Original,2,7300
2025-06-16,Sector 2,Oceanía,Sprite,1,5370
2025-06-16,Sector 5,África,Cola Zero,4,17360
2025-06-16,Sector 5,Oceanía,Cola Original,1,5460
2025-06-16,Sector 5,África,Agua,4,10250
2025-06-16,Sector 1,América,Sprite,1,4870
2025-06-16,Sector 1,Asia,Fanta,2,8630
2025-06-17,Sector 1,Europa,Fanta,2,5970
2025-06-17,Sector 5,Asia,Fanta,3,9510
2025-06-17,Sector 4,Asia,Sprite,4,13950
2025-06-17,Sector 4,Oceanía,Sprite,2,8610
2025-06-17,Sector 4,Oceanía,Fanta,2,7590
2025-06-17,Sector 5,Asia,Sprite,3,11170
2025-06-17,Sector 5,Oceanía,Sprite,2,6430
2025-06-17,Sector 3,Oceanía,Fanta,1,3830
2025-06-17,Sector 3,Oceanía,Cola Original,1,4690
2025-06-18,Sector 1,África,Cola Original,3,12170
2025-06-18,Sector 4,Europa,Cola Original,3,12230
2025-06-18,Sector 1,África,Agua,3,8880
2025-06-18,Sector 5,Asia,Sprite,2,9500
2025-06-18,Sector 1,América,Fanta,1,4700
2025-06-18,Sector 3,Europa,Cola Original,1,5590
2025-06-18,Sector 4,Asia,Fanta,3,9930
2025-06-18,Sector 4,Asia,Cola Original,3,12000
2025-06-18,Sector 5,África,Cola Zero,4,16840
2025-06-18,Sector 3,América,Cola Zero,1,4360
2025-06-18,Sector 4,América,Cola Zero,2,11820
2025-06-18,Sector 3,África,Fanta,3,9450
2025-06-18,Sector 1,África,Cola Original,2,9250
2025-06-18,Sector 4,Oceanía,Fanta,2,6180
2025-06-19,Sector 5,África,Cola Zero,3,15880
2025-06-19,Sector 3,Asia,Cola Zero,2,8780
2025-06-19,Sector 1,América,Cola Zero,1,4820
2025-06-19,Sector 5,Asia,Cola Original,2,9330
2025-06-19,Sector 4,Oceanía,Fanta,2,7380
2025-06-20,Sector 4,África,Agua,6,15470
2025-06-20,Sector 3,Asia,Agua,2,5870
2025-06-20,Sector 2,Asia,Agua,3,8210
2025-06-20,Sector 2,África,Sprite,3,10490
2025-06-20,Sector 3,Asia,Fanta,2,8140
2025-06-20,Sector 3,Oceanía,Agua,1,3840
2025-06-20,Sector 1,América,Fanta,1,4320
2025-06-21,Sector 3,Asia,Fanta,2,7250
2025-06-21,Sector 5,Oceanía,Cola Original,1,6090
2025-06-21,Sector 1,África,Fanta,2,8490
2025-06-21,Sector 1,Asia,Sprite,2,7150
2025-06-21,Sector 4,América,Agua,3,7590
2025-06-21,Sector 1,África,Fanta,2,7750
2025-06-21,Sector 3,América,Cola Zero,1,5980
2025-06-21,Sector 1,América,Fanta,1,5040
2025-06-21,Sector 2,Oceanía,Agua,2,4410
2025-06-21,Sector 4,Oceanía,Sprite,2,7800
2025-06-21,Sector 4,Oceanía,Cola Zero,2,8670
2025-06-21,Sector 1,Europa,Fanta,2,6780
2025-06-22,Sector 5,Europa,Agua,2,6100
2025-06-22,Sector 5,América,Fanta,2,6270
2025-06-22,Sector 1,África,Sprite,3,10380
2025-06-22,Sector 1,África,Fanta,3,9460
2025-06-22,Sector 1,América,Cola Original,1,4970
2025-06-22,Sector 1,Europa,Agua,2,4630
2025-06-22,Sector 4,Europa,Agua,4,9780
2025-06-22,Sector 1,América,Cola Zero,1,6270
2025-06-22,Sector 3,Oceanía,Agua,1,2630
2025-06-22,Sector 4,África,Cola Zero,5,23890
2025-06-23,Sector 4,Europa,Cola Zero,2,10210
2025-06-23,Sector 3,África,Sprite,2,9500
2025-06-23,Sector 2,Oceanía,Fanta,2,5290
2025-06-23,Sector 3,Europa,Sprite,2,6080
2025-06-23,Sector 2,Europa,Fanta,2,8180
2025-06-23,Sector 4,Asia,Cola Zero,3,12700
2025-06-23,Sector 3,Europa,Agua,2,4310
2025-06-23,Sector 1,Oceanía,Sprite,1,4510
2025-06-24,Sector 2,Asia,Agua,4,9260
2025-06-24,Sector 5,África,Cola Zero,3,14040
2025-06-24,Sector 3,América,Cola Zero,1,5720
2025-06-24,Sector 4,Europa,Cola Original,3,13700
2025-06-24,Sector 5,América,Cola Zero,1,6080
2025-06-24,Sector 4,Asia,Agua,5,12030
2025-06-24,Sector 5,América,Cola Original,2,8290
2025-06-24,Sector 5,Asia,Cola Original,3,11520
2025-06-24,Sector 2,América,Agua,2,4260
2025-06-24,Sector 1,América,Fanta,1,4260
2025-06-25,Sector 4,Oceanía,Fanta,2,5660
2025-06-25,Sector 1,Asia,Fanta,2,7990
2025-06-25,Sector 3,Asia,Agua,2,4650
2025-06-25,Sector 4,África,Sprite,4,13350
2025-06-25,Sector 3,América,Sprite,1,4270
2025-06-25,Sector 2,Oceanía,Cola Original,1,6190
2025-06-25,Sector 4,América,Agua,3,7590
2025-06-25,Sector 2,Europa,Fanta,2,7620
2025-06-26,Sector 3,Asia,Agua,3,7090
2025-06-26,Sector 5,Asia,Agua,3,8190
2025-06-26,Sector 2,África,Sprite,4,13650
2025-06-26,Sector 4,Europa,Agua,3,6900
2025-06-26,Sector 4,África,Sprite,5,19260
2025-06-26,Sector 1,Asia,Fanta,2,6180
2025-06-26,Sector 2,América,Sprite,2,6190
2025-06-26,Sector 2,América,Agua,2,5260
2025-06-26,Sector 2,Asia,Cola Original,3,13530
2025-06-26,Sector 5,Europa,Fanta,3,8860
2025-06-27,Sector 3,África,Cola Original,2,11140
2025-06-27,Sector 2,África,Agua,4,9180
2025-06-27,Sector 1,Europa,Fanta,2,6930
2025-06-27,Sector 5,Europa,Fanta,2,7610
2025-06-27,Sector 1,Europa,Agua,2,6030
2025-06-27,Sector 2,Asia,Fanta,2,8740
2025-06-27,Sector 3,África,Cola Original,2,11250
2025-06-27,Sector 3,Asia,Agua,2,6430
2025-06-27,Sector 3,Asia,Cola Original,2,8000
2025-06-27,Sector 4,Oceanía,Cola Original,2,8930
2025-06-28,Sector 1,Oceanía,Sprite,1,5440
2025-06-28,Sector 2,América,Agua,2,4290
2025-06-28,Sector 5,América,Cola Zero,2,8050
2025-06-28,Sector 3,Europa,Agua,2,5490
2025-06-28,Sector 1,Europa,Sprite,1,5630
2025-06-28,Sector 4,África,Cola Zero,5,22780
2025-06-28,Sector 2,África,Sprite,3,11720
2025-06-28,Sector 5,América,Sprite,2,6290
2025-07-01,Sector 4,América,Sprite,2,8770
2025-07-01,Sector 1,Oceanía,Cola Original,1,4440
2025-07-01,Sector 5,África,Cola Original,3,13090
2025-07-01,Sector 2,América,Agua,2,5790
2025-07-01,Sector 3,África,Agua,3,8710
2025-07-01,Sector 5,Asia,Cola Original,3,12290
2025-07-01,Sector 1,África,Cola Original,2,10860
2025-07-01,Sector 5,Europa,Sprite,2,7950
2025-07-01,Sector 5,Europa,Fanta,2,6560
2025-07-01,Sector 5,Asia,Fanta,3,8930
2025-07-02,Sector 4,América,Fanta,2,6420
2025-07-02,Sector 2,Asia,Sprite,3,10860
2025-07-02,Sector 1,Europa,Fanta,2,6900
2025-07-02,Sector 5,América,Agua,2,5330
2025-07-02,Sector 5,Asia,Fanta,3,10810
2025-07-02,Sector 5,África,Sprite,4,14330
2025-07-02,Sector 4,América,Cola Original,2,7420
2025-07-02,Sector 1,América,Agua,1,3450
2025-07-02,Sector 1,África,Cola Original,3,13460
2025-07-02,Sector 1,Europa,Sprite,2,6350
2025-07-02,Sector 1,África,Cola Zero,3,14170
2025-07-02,Sector 2,Asia,Cola Zero,2,11800
2025-07-03,Sector 3,Asia,Fanta,2,6420
2025-07-03,Sector 2,América,Sprite,2,7600
2025-07-03,Sector 1,Europa,Agua,2,6360
2025-07-03,Sector 5,América,Agua,2,5020
2025-07-03,Sector 1,Asia,Cola Zero,2,9350
2025-07-03,Sector 2,Oceanía,Agua,2,4810
2025-07-03,Sector 2,Oceanía,Sprite,2,6580
2025-07-03,Sector 1,América,Cola Original,1,5060
2025-07-04,Sector 2,Oceanía,Fanta,2,6560
2025-07-04,Sector 3,Oceanía,Cola Zero,1,4950
2025-07-04,Sector 1,Asia,Agua,3,7210
2025-07-04,Sector 3,África,Fanta,2,7140
2025-07-04,Sector 1,Asia,Fanta,2,7360
2025-07-04,Sector 5,Asia,Cola Zero,3,13910
2025-07-04,Sector 5,Europa,Cola Zero,2,11090
2025-07-04,Sector 1,Asia,Fanta,2,6110
2025-07-04,Sector 2,África,Fanta,4,13060
2025-07-04,Sector 2,África,Cola Zero,4,18580
2025-07-04,Sector 5,Europa,Agua,3,6610
2025-07-04,Sector 5,Asia,Agua,3,8190
2025-07-04,Sector 3,Asia,Fanta,2,5680
2025-07-05,Sector 2,África,Sprite,4,15600
2025-07-05,Sector 3,Asia,Fanta,2,7550
2025-07-05,Sector 1,Asia,Cola Zero,2,11210
2025-07-05,Sector 3,América,Fanta,1,3520
2025-07-05,Sector 1,Europa,Sprite,2,7640
2025-07-05,Sector 4,África,Sprite,5,19420
2025-07-05,Sector 3,África,Fanta,3,9360
2025-07-05,Sector 4,Asia,Agua,5,12080
2025-07-05,Sector 5,África,Cola Original,4,15820
2025-07-05,Sector 2,Asia,Fanta,3,10700
2025-07-05,Sector 3,Asia,Fanta,2,6510
2025-07-05,Sector 3,Europa,Cola Zero,2,8720
2025-07-05,Sector 3,Oceanía,Cola Original,1,4790
2025-07-05,Sector 2,Europa,Sprite,3,9570
2025-07-06,Sector 1,África,Agua,4,9730
2025-07-06,Sector 5,América,Cola Zero,1,5700
2025-07-06,Sector 2,África,Cola Original,3,13570
2025-07-06,Sector 2,Europa,Agua,3,6580
2025-07-06,Sector 1,Europa,Cola Original,1,6220
2025-07-06,Sector 5,Oceanía,Fanta,2,5360
2025-07-06,Sector 4,Asia,Cola Original,3,13590
2025-07-06,Sector 2,Oceanía,Cola Zero,2,7980
2025-07-07,Sector 3,América,Sprite,1,4110
2025-07-07,Sector 2,Asia,Cola Zero,3,13380
2025-07-07,Sector 5,Oceanía,Cola Zero,2,7730
2025-07-07,Sector 3,Europa,Sprite,1,5130
2025-07-07,Sector 2,Oceanía,Cola Original,2,8130
2025-07-07,Sector 1,Europa,Fanta,1,5220
2025-07-07,Sector 2,África,Cola Zero,3,14270
2025-07-08,Sector 4,Asia,Cola Original,3,15440
2025-07-08,Sector 4,Oceanía,Agua,3,6980
2025-07-08,Sector 5,Asia,Fanta,3,10850
2025-07-08,Sector 4,Asia,Cola Original,4,17320
2025-07-08,Sector 3,Asia,Sprite,2,7620
2025-07-08,Sector 2,América,Agua,2,4490
2025-07-08,Sector 1,América,Fanta,1,4090
2025-07-08,Sector 4,América,Cola Original,2,10160
2025-07-09,Sector 4,Europa,Cola Zero,3,12120
2025-07-09,Sector 4,Europa,Agua,3,7860
2025-07-09,Sector 1,Asia,Fanta,2,5940
2025-07-09,Sector 3,África,Cola Zero,2,11060
2025-07-09,Sector 2,Asia,Cola Original,2,10250
2025-07-09,Sector 5,Oceanía,Fanta,2,5560
2025-07-09,Sector 5,Oceanía,Cola Zero,1,6720
2025-07-10,Sector 3,Asia,Cola Original,1,6730
2025-07-10,Sector 5,América,Cola Original,2,7590
2025-07-10,Sector 1,Oceanía,Cola Original,1,4180
2025-07-10,Sector 1,África,Sprite,3,9900
2025-07-10,Sector 3,Asia,Cola Zero,2,9740
2025-07-10,Sector 1,Oceanía,Sprite,1,5010
2025-07-10,Sector 1,Europa,Cola Zero,2,8790
2025-07-10,Sector 4,América,Cola Original,2,10650
2025-07-10,Sector 1,Asia,Cola Zero,2,8930
2025-07-11,Sector 4,Asia,Cola Original,4,17910
2025-07-11,Sector 4,Europa,Cola Original,3,14800
2025-07-11,Sector 5,América,Fanta,1,5050
2025-07-11,Sector 3,América,Cola Original,1,4180
2025-07-11,Sector 4,América,Fanta,2,8150
2025-07-11,Sector 5,América,Sprite,1,5340
2025-07-11,Sector 1,Asia,Sprite,2,9380
2025-07-11,Sector 5,Asia,Sprite,2,7720
2025-07-11,Sector 3,Asia,Cola Zero,2,8260
2025-07-11,Sector 1,África,Cola Zero,2,10590
2025-07-11,Sector 2,América,Cola Zero,1,6500
2025-07-11,Sector 1,Europa,Sprite,2,7920
2025-07-11,Sector 2,América,Fanta,1,4940
2025-07-12,Sector 1,África,Cola Zero,2,11300
2025-07-12,Sector 2,América,Sprite,1,5400
2025-07-12,Sector 4,Oceanía,Cola Original,2,7960
2025-07-12,Sector 4,África,Agua,5,12220
2025-07-12,Sector 1,África,Fanta,3,9540
2025-07-12,Sector 4,África,Sprite,4,16990
2025-07-12,Sector 5,América,Sprite,1,5620
2025-07-12,Sector 5,África,Cola Zero,4,17380
2025-07-12,Sector 2,Oceanía,Sprite,1,5270
2025-07-12,Sector 5,África,Sprite,3,10340
2025-07-13,Sector 5,África,Cola Original,4,16740
2025-07-13,Sector 5,Oceanía,Cola Original,1,6080
2025-07-13,Sector 5,Oceanía,Cola Zero,2,7900
2025-07-13,Sector 1,África,Sprite,3,10330
2025-07-13,Sector 2,África,Cola Original,3,13510
2025-07-13,Sector 5,América,Sprite,1,4930
2025-07-13,Sector 4,Asia,Fanta,3,11840
2025-07-13,Sector 3,Asia,Agua,2,4630
2025-07-13,Sector 2,Europa,Agua,2,5620
2025-07-13,Sector 4,Europa,Agua,3,6890
2025-07-13,Sector 5,Oceanía,Fanta,1,4960
2025-07-13,Sector 3,América,Cola Original,1,6180
2025-07-14,Sector 3,Europa,Cola Zero,2,7290
2025-07-14,Sector 4,Oceanía,Sprite,2,8060
2025-07-14,Sector 3,América,Cola Original,1,4470
2025-07-14,Sector 5,África,Fanta,3,10110
2025-07-14,Sector 2,Asia,Agua,4,9420
2025-07-14,Sector 1,Europa,Sprite,2,6060
2025-07-14,Sector 5,Europa,Cola Zero,2,8460
2025-07-15,Sector 1,África,Cola Zero,3,14900
2025-07-15,Sector 3,África,Cola Original,3,12140
2025-07-15,Sector 1,Europa,Fanta,2,6070
2025-07-15,Sector 1,Oceanía,Fanta,1,4870
2025-07-15,Sector 4,Asia,Fanta,3,11940
2025-07-15,Sector 4,Europa,Fanta,2,8280
2025-07-15,Sector 2,Europa,Fanta,2,8020
2025-07-15,Sector 2,Europa,Cola Original,3,11280
2025-07-15,Sector 3,Oceanía,Fanta,1,3950
2025-07-16,Sector 1,Asia,Sprite,2,6530
2025-07-16,Sector 4,Europa,Fanta,2,8310
2025-07-16,Sector 4,Oceanía,Cola Zero,2,10680
2025-07-16,Sector 5,Oceanía,Cola Original,1,5950
2025-07-16,Sector 4,Asia,Cola Original,4,16940
2025-07-16,Sector 2,Asia,Cola Zero,3,13890
2025-07-16,Sector 1,Oceanía,Agua,1,3790
2025-07-16,Sector 1,Oceanía,Cola Zero,1,4780
2025-07-16,Sector 4,América,Cola Zero,2,10850
2025-07-16,Sector 4,América,Cola Original,2,9860
2025-07-16,Sector 1,Oceanía,Cola Original,1,4480
2025-07-16,Sector 2,Oceanía,Fanta,1,4780
2025-07-17,Sector 4,Europa,Agua,4,9650
2025-07-17,Sector 1,África,Agua,3,7100
2025-07-17,Sector 5,América,Cola Original,2,7570
2025-07-17,Sector 1,África,Sprite,3,10700
2025-07-17,Sector 1,Europa,Sprite,2,6280
2025-07-17,Sector 4,Europa,Sprite,3,11980
2025-07-17,Sector 4,Oceanía,Sprite,2,8220
2025-07-17,Sector 1,Oceanía,Sprite,1,3660
2025-07-18,Sector 2,Europa,Cola Zero,2,8900
2025-07-18,Sector 4,África,Cola Zero,5,23740
2025-07-18,Sector 4,Oceanía,Fanta,2,8230
2025-07-18,Sector 4,África,Cola Original,4,17510
2025-07-18,Sector 5,África,Cola Original,3,13340
2025-07-18,Sector 5,América,Cola Zero,1,6870
2025-07-18,Sector 5,África,Cola Zero,3,16180
2025-07-19,Sector 5,África,Sprite,4,14300
2025-07-19,Sector 2,Asia,Cola Zero,3,13820
2025-07-19,Sector 1,Oceanía,Fanta,1,4900
2025-07-19,Sector 1,Asia,Cola Zero,2,8310
2025-07-19,Sector 5,África,Sprite,3,10910
2025-07-19,Sector 1,Europa,Fanta,2,5360
2025-07-19,Sector 3,Asia,Cola Original,2,8050
2025-07-19,Sector 1,América,Fanta,1,4470
2025-07-19,Sector 2,América,Cola Zero,2,7640
2025-07-19,Sector 2,Asia,Cola Zero,2,11080
2025-07-20,Sector 1,África,Fanta,2,8380
2025-07-20,Sector 5,Europa,Agua,3,7450
2025-07-20,Sector 4,Asia,Cola Original,4,17590
2025-07-20,Sector 2,Oceanía,Cola Zero,2,7610
2025-07-20,Sector 4,Oceanía,Cola Original,2,9160
2025-07-20,Sector 2,Asia,Sprite,3,12530
2025-07-20,Sector 5,Oceanía,Cola Zero,1,6610
2025-07-20,Sector 1,Asia,Cola Original,2,7670
2025-07-21,Sector 4,América,Cola Zero,2,10810
2025-07-21,Sector 2,Oceanía,Fanta,1,4670
2025-07-21,Sector 4,Europa,Cola Zero,3,13860
2025-07-21,Sector 2,Europa,Fanta,2,7470
2025-07-21,Sector 3,África,Cola Original,3,11290
2025-07-21,Sector 1,África,Cola Original,2,10450
2025-07-21,Sector 4,África,Cola Original,5,22980
2025-07-21,Sector 4,Asia,Sprite,4,14760
2025-07-21,Sector 1,Europa,Agua,2,4340
2025-07-21,Sector 1,América,Agua,1,3880
2025-07-21,Sector 5,Europa,Sprite,2,9020
2025-07-21,Sector 3,Oceanía,Agua,1,2670
2025-07-21,Sector 4,Europa,Agua,4,9150
2025-07-21,Sector 1,Europa,Cola Zero,2,7340
2025-07-22,Sector 3,África,Agua,3,7150
2025-07-22,Sector 5,Oceanía,Agua,2,4080
2025-07-22,Sector 4,Asia,Agua,4,10800
2025-07-22,Sector 2,América,Agua,2,5720
2025-07-22,Sector 1,Oceanía,Cola Original,1,4480
2025-07-22,Sector 4,América,Sprite,2,6630
2025-07-22,Sector 5,África,Sprite,3,12670
2025-07-22,Sector 1,Oceanía,Cola Original,1,5610
2025-07-22,Sector 4,América,Cola Original,2,11170
2025-07-22,Sector 2,América,Sprite,2,6850
2025-07-22,Sector 2,Europa,Sprite,2,8310
2025-07-22,Sector 5,Asia,Cola Original,3,12200
2025-07-22,Sector 5,Asia,Fanta,3,8980
2025-07-23,Sector 3,América,Cola Zero,1,5410
2025-07-23,Sector 5,Oceanía,Fanta,1,4090
2025-07-23,Sector 3,América,Cola Original,1,5430
2025-07-23,Sector 1,África,Cola Original,3,13410
2025-07-23,Sector 3,Asia,Cola Zero,2,8700
2025-07-23,Sector 5,Oceanía,Sprite,2,6460
2025-07-23,Sector 5,Asia,Agua,3,7440
2025-07-23,Sector 3,América,Agua,1,3770
2025-07-24,Sector 2,Asia,Cola Original,2,9970
2025-07-24,Sector 3,Oceanía,Sprite,1,3200
2025-07-24,Sector 5,Oceanía,Cola Original,2,7710
2025-07-24,Sector 2,África,Sprite,4,13660
2025-07-24,Sector 3,América,Cola Original,1,6170
2025-07-24,Sector 4,Europa,Cola Original,2,9900
2025-07-24,Sector 1,América,Sprite,1,3950
2025-07-24,Sector 5,Europa,Cola Original,2,7910
2025-07-25,Sector 4,Asia,Fanta,4,13040
2025-07-25,Sector 5,Europa,Sprite,2,9390
2025-07-25,Sector 2,Europa,Fanta,3,8760
2025-07-25,Sector 2,Asia,Sprite,3,12200
2025-07-25,Sector 2,Oceanía,Sprite,1,4760
2025-07-25,Sector 1,África,Cola Zero,3,12920
2025-07-25,Sector 1,América,Agua,2,4130
2025-07-26,Sector 1,América,Agua,1,3420
2025-07-26,Sector 3,Oceanía,Cola Zero,1,5650
2025-07-26,Sector 4,Asia,Cola Original,3,15450
2025-07-26,Sector 3,Asia,Fanta,2,6420
2025-07-26,Sector 3,Europa,Cola Original,2,7850
2025-07-26,Sector 4,América,Fanta,2,8020
2025-07-26,Sector 5,Asia,Agua,3,7400
2025-07-27,Sector 4,África,Cola Zero,4,20690
2025-07-27,Sector 3,África,Cola Zero,2,10330
2025-07-27,Sector 1,Europa,Agua,2,5710
2025-07-27,Sector 1,América,Agua,2,4610
2025-07-27,Sector 2,África,Agua,5,12550
2025-07-27,Sector 1,Oceanía,Agua,1,3080
2025-07-27,Sector 5,Asia,Cola Original,3,11640
2025-07-27,Sector 3,Europa,Fanta,1,4790
2025-07-27,Sector 2,Europa,Fanta,2,7530
2025-07-28,Sector 4,Oceanía,Fanta,2,5340
2025-07-28,Sector 1,África,Cola Original,3,12720
2025-07-28,Sector 1,Asia,Fanta,2,7780
2025-07-28,Sector 1,América,Cola Zero,1,5270
2025-07-28,Sector 5,Oceanía,Agua,2,4780
2025-07-28,Sector 3,Europa,Cola Zero,1,6700
2025-07-28,Sector 1,África,Cola Original,3,14160
2025-07-28,Sector 2,Asia,Cola Zero,2,11710
2025-07-28,Sector 3,Europa,Fanta,1,4920
2025-07-28,Sector 4,África,Sprite,4,16020
2025-08-01,Sector 1,Asia,Sprite,2,6840
2025-08-01,Sector 5,Europa,Cola Original,2,10280
2025-08-01,Sector 3,América,Cola Zero,1,6020
2025-08-01,Sector 4,Asia,Cola Original,3,13540
2025-08-01,Sector 1,Europa,Cola Original,2,8360
2025-08-01,Sector 3,Europa,Cola Zero,1,6410
2025-08-01,Sector 4,Oceanía,Sprite,2,8420
2025-08-01,Sector 2,Asia,Agua,3,8680
2025-08-01,Sector 2,América,Cola Original,1,5880
2025-08-01,Sector 2,América,Cola Zero,1,6250
2025-08-01,Sector 1,América,Fanta,1,4370
2025-08-02,Sector 3,Europa,Cola Zero,1,6610
2025-08-02,Sector 3,Oceanía,Fanta,1,3080
2025-08-02,Sector 2,Oceanía,Agua,2,4460
2025-08-02,Sector 3,Oceanía,Cola Original,1,4070
2025-08-02,Sector 1,Asia,Cola Zero,2,11850
2025-08-02,Sector 2,América,Agua,2,5840
2025-08-03,Sector 1,África,Cola Zero,2,11070
2025-08-03,Sector 2,Europa,Cola Zero,2,11520
2025-08-03,Sector 2,África,Sprite,3,11920
2025-08-03,Sector 4,América,Sprite,2,8790
2025-08-03,Sector 3,Europa,Cola Zero,1,6650
2025-08-03,Sector 1,Asia,Agua,3,7760
2025-08-03,Sector 3,Europa,Cola Zero,2,7950
2025-08-03,Sector 1,Europa,Cola Original,2,7770
2025-08-04,Sector 4,Europa,Cola Zero,3,15360
2025-08-04,Sector 3,América,Cola Zero,1,4820
2025-08-04,Sector 1,América,Cola Zero,1,4850
2025-08-04,Sector 2,América,Cola Original,2,6960
2025-08-04,Sector 4,Asia,Cola Original,4,16930
2025-08-04,Sector 3,América,Cola Original,1,6080
2025-08-04,Sector 3,América,Cola Zero,1,4550
2025-08-04,Sector 5,América,Cola Original,2,7540
2025-08-04,Sector 2,Europa,Cola Original,3,11950
2025-08-04,Sector 5,América,Cola Original,2,8350
2025-08-04,Sector 2,Asia,Cola Original,3,12690
2025-08-05,Sector 2,América,Cola Zero,1,6730
2025-08-05,Sector 2,Europa,Agua,2,5540
2025-08-05,Sector 1,Oceanía,Fanta,1,3400
2025-08-05,Sector 2,Asia,Sprite,2,8290
2025-08-05,Sector 5,Oceanía,Agua,2,5360
2025-08-05,Sector 1,Europa,Cola Zero,2,7690
2025-08-05,Sector 4,África,Fanta,5,16850
2025-08-06,Sector 1,Asia,Agua,3,6710
2025-08-06,Sector 5,Europa,Fanta,2,7150
2025-08-06,Sector 2,África,Agua,5,11750
2025-08-06,Sector 4,Asia,Agua,3,9000
2025-08-06,Sector 1,África,Cola Original,3,13340
2025-08-06,Sector 1,Asia,Cola Original,3,11310
2025-08-07,Sector 1,Oceanía,Agua,1,3240
2025-08-07,Sector 5,Oceanía,Cola Zero,2,7450
2025-08-07,Sector 4,África,Sprite,5,17800
2025-08-07,Sector 5,África,Fanta,3,11810
2025-08-07,Sector 3,América,Fanta,1,3750
2025-08-07,Sector 1,Oceanía,Fanta,1,5120
2025-08-07,Sector 2,América,Sprite,2,7710
2025-08-07,Sector 2,África,Sprite,4,14720
2025-08-07,Sector 3,América,Sprite,1,3450
2025-08-08,Sector 3,Oceanía,Agua,1,3720
2025-08-08,Sector 5,África,Cola Zero,3,12610
2025-08-08,Sector 3,África,Sprite,3,10930
2025-08-08,Sector 3,América,Fanta,1,3260
2025-08-08,Sector 5,Oceanía,Agua,2,4950
2025-08-08,Sector 3,Europa,Cola Zero,2,7510
2025-08-08,Sector 4,África,Sprite,4,15550
2025-08-08,Sector 5,África,Fanta,4,13050
2025-08-09,Sector 3,Asia,Fanta,2,5970
2025-08-09,Sector 4,Asia,Agua,4,10140
2025-08-09,Sector 4,África,Cola Zero,5,23510
2025-08-09,Sector 4,América,Fanta,2,8010
2025-08-09,Sector 1,Oceanía,Agua,2,4170
2025-08-09,Sector 5,África,Fanta,3,9310
2025-08-09,Sector 1,América,Fanta,1,5140
2025-08-09,Sector 3,Europa,Cola Original,2,7730
2025-08-10,Sector 4,África,Sprite,4,13990
2025-08-10,Sector 4,Europa,Sprite,3,10460
2025-08-10,Sector 3,África,Fanta,3,10350
2025-08-10,Sector 3,Oceanía,Sprite,1,3970
2025-08-10,Sector 1,África,Fanta,3,11380
2025-08-10,Sector 4,Oceanía,Cola Zero,2,10000
2025-08-10,Sector 2,América,Cola Original,2,8730
2025-08-10,Sector 1,Europa,Cola Original,2,9030
2025-08-10,Sector 5,Oceanía,Cola Zero,2,7570
2025-08-10,Sector 4,Oceanía,Cola Original,2,9810
2025-08-10,Sector 5,África,Fanta,3,10040
2025-08-10,Sector 1,América,Sprite,1,5200
2025-08-10,Sector 3,Europa,Cola Original,2,7720
2025-08-11,Sector 5,Oceanía,Agua,2,4900
2025-08-11,Sector 1,América,Sprite,1,4930
2025-08-11,Sector 3,Asia,Agua,2,5780
2025-08-11,Sector 3,Asia,Agua,2,5330
2025-08-11,Sector 3,África,Cola Zero,3,13120
2025-08-11,Sector 2,África,Cola Zero,4,18040
2025-08-11,Sector 5,África,Agua,3,8550
2025-08-11,Sector 3,Europa,Agua,2,5110
2025-08-11,Sector 4,Europa,Cola Original,3,14950
2025-08-12,Sector 5,América,Cola Zero,2,7940
2025-08-12,Sector 1,Europa,Fanta,2,7230
2025-08-12,Sector 4,América,Cola Original,2,8310
2025-08-12,Sector 3,Oceanía,Cola Zero,1,4070
2025-08-12,Sector 5,Oceanía,Cola Original,1,4970
2025-08-12,Sector 5,Europa,Fanta,2,8660
2025-08-12,Sector 5,Oceanía,Sprite,1,5100
2025-08-12,Sector 1,Europa,Cola Original,2,8040
2025-08-12,Sector 4,América,Agua,3,6940
2025-08-13,Sector 4,Asia,Cola Original,3,15450
2025-08-13,Sector 1,Asia,Sprite,2,6370
2025-08-13,Sector 2,Oceanía,Sprite,1,4570
2025-08-13,Sector 5,Asia,Fanta,2,7590
2025-08-13,Sector 1,América,Sprite,1,4440
2025-08-13,Sector 3,Asia,Cola Zero,2,9130
2025-08-13,Sector 1,Asia,Fanta,2,7990
2025-08-14,Sector 1,Asia,Fanta,2,7010
2025-08-14,Sector 1,América,Agua,2,4560
2025-08-14,Sector 5,África,Cola Original,3,15730
2025-08-14,Sector 5,América,Agua,1,3780
2025-08-14,Sector 1,Oceanía,Agua,1,3420
2025-08-14,Sector 2,Oceanía,Fanta,1,4970
2025-08-14,Sector 4,Europa,Cola Zero,2,10120
2025-08-14,Sector 4,Asia,Cola Original,3,13640
2025-08-14,Sector 4,África,Cola Zero,4,19860
2025-08-14,Sector 5,África,Cola Original,3,12530
2025-08-14,Sector 5,África,Sprite,3,10080
2025-08-15,Sector 3,Oceanía,Sprite,1,3650
2025-08-15,Sector 3,Oceanía,Agua,1,2760
2025-08-15,Sector 1,América,Cola Zero,2,7320
2025-08-15,Sector 2,América,Cola Zero,2,8800
2025-08-15,Sector 5,Oceanía,Cola Zero,2,8030
2025-08-15,Sector 4,Asia,Cola Zero,4,16970
2025-08-15,Sector 5,Europa,Cola Original,2,9210
2025-08-16,Sector 4,Europa,Cola Original,3,13200
2025-08-16,Sector 3,Europa,Cola Original,1,5850
2025-08-16,Sector 3,Europa,Sprite,1,5350
2025-08-16,Sector 1,Europa,Fanta,2,7030
2025-08-16,Sector 1,América,Fanta,1,3660
2025-08-16,Sector 2,África,Agua,5,12280
2025-08-16,Sector 5,Oceanía,Sprite,2,6100
2025-08-16,Sector 5,Asia,Cola Zero,2,10400
2025-08-17,Sector 4,Europa,Cola Zero,3,15710
2025-08-17,Sector 3,Asia,Cola Zero,2,10590
2025-08-17,Sector 1,África,Cola Zero,3,13990
2025-08-17,Sector 4,Oceanía,Fanta,2,6430
2025-08-17,Sector 1,Europa,Agua,2,5180
2025-08-17,Sector 4,Oceanía,Cola Original,2,7960
2025-08-17,Sector 3,Asia,Cola Zero,2,9540
2025-08-17,Sector 3,Oceanía,Cola Zero,1,4140
2025-08-18,Sector 5,América,Agua,2,4450
2025-08-18,Sector 2,Asia,Fanta,3,8870
2025-08-18,Sector 4,Asia,Fanta,4,12950
2025-08-18,Sector 2,África,Fanta,3,11020
2025-08-18,Sector 5,África,Cola Zero,3,14230
2025-08-18,Sector 5,Asia,Sprite,3,10790
2025-08-18,Sector 3,América,Fanta,1,4240
2025-08-18,Sector 3,América,Agua,1,3730
2025-08-18,Sector 3,Europa,Fanta,2,6660
2025-08-18,Sector 3,África,Fanta,3,9180
2025-08-18,Sector 3,Oceanía,Sprite,1,4360
2025-08-18,Sector 5,África,Fanta,4,13350
2025-08-18,Sector 5,Europa,Sprite,2,9130
2025-08-19,Sector 3,Oceanía,Cola Zero,1,5210
2025-08-19,Sector 4,África,Fanta,4,13120
2025-08-19,Sector 3,Oceanía,Sprite,1,4720
2025-08-19,Sector 4,América,Cola Original,2,9980
2025-08-19,Sector 5,Asia,Cola Original,3,13190
2025-08-19,Sector 1,Oceanía,Fanta,1,3790
2025-08-19,Sector 3,Oceanía,Agua,1,3430
2025-08-19,Sector 5,América,Sprite,1,4620
2025-08-19,Sector 4,África,Sprite,4,16600
2025-08-19,Sector 5,Europa,Sprite,2,6670
2025-08-20,Sector 1,América,Fanta,2,5350
2025-08-20,Sector 4,África,Agua,4,10980
2025-08-20,Sector 4,América,Agua,2,6230
2025-08-20,Sector 3,América,Cola Zero,1,5490
2025-08-20,Sector 5,África,Sprite,4,13520
2025-08-20,Sector 4,África,Sprite,3,12920
2025-08-20,Sector 1,África,Cola Zero,2,11530
2025-08-21,Sector 1,Europa,Cola Zero,2,7670
2025-08-21,Sector 5,Asia,Fanta,2,7960
2025-08-21,Sector 4,Europa,Sprite,3,10040
2025-08-21,Sector 5,Europa,Sprite,2,7770
2025-08-21,Sector 1,África,Fanta,2,7880
2025-08-21,Sector 3,Asia,Cola Zero,2,9500
2025-08-21,Sector 3,Oceanía,Cola Original,1,4030
2025-08-21,Sector 1,Oceanía,Sprite,1,3690
2025-08-22,Sector 1,Asia,Cola Original,2,9360
2025-08-22,Sector 5,Europa,Agua,2,5770
2025-08-22,Sector 4,Europa,Cola Zero,3,15620
2025-08-22,Sector 5,Oceanía,Cola Zero,2,7470
2025-08-22,Sector 5,América,Sprite,1,5320
2025-08-22,Sector 4,Oceanía,Agua,3,6970
2025-08-22,Sector 4,Oceanía,Fanta,2,7260
2025-08-22,Sector 1,Asia,Fanta,2,7880
2025-08-22,Sector 3,Asia,Cola Original,2,10340
2025-08-23,Sector 1,Europa,Sprite,2,6020
2025-08-23,Sector 5,África,Cola Original,3,15480
2025-08-23,Sector 5,Oceanía,Sprite,1,5280
2025-08-24,Sector 3,Asia,Agua,3,6880
2025-08-24,Sector 5,Europa,Cola Original,2,7560
2025-08-24,Sector 3,África,Cola Zero,2,10040
2025-08-24,Sector 5,América,Cola Zero,2,8080
2025-08-24,Sector 5,África,Fanta,3,11820
2025-08-24,Sector 5,Europa,Fanta,3,8950
2025-08-24,Sector 2,Asia,Cola Zero,3,14970
2025-08-24,Sector 5,Oceanía,Agua,2,4890
2025-08-24,Sector 2,América,Agua,2,4210
2025-08-25,Sector 3,Europa,Fanta,2,6480
2025-08-25,Sector 2,Asia,Agua,3,8110
2025-08-25,Sector 3,Europa,Agua,2,5310
2025-08-25,Sector 3,África,Cola Zero,2,10000
2025-08-25,Sector 3,América,Cola Original,1,4020
2025-08-25,Sector 4,América,Agua,2,5100
2025-08-25,Sector 2,Europa,Cola Original,2,8630
2025-08-25,Sector 1,Asia,Cola Original,2,9010
2025-08-25,Sector 3,Europa,Sprite,2,6080
2025-08-26,Sector 5,Asia,Sprite,3,10050
2025-08-26,Sector 4,América,Fanta,2,8670
2025-08-26,Sector 1,Asia,Fanta,2,7530
2025-08-26,Sector 3,África,Fanta,3,9410
2025-08-26,Sector 1,América,Agua,2,4260
2025-08-26,Sector 3,Europa,Agua,2,5250
2025-08-26,Sector 5,América,Agua,2,4960
2025-08-26,Sector 5,África,Agua,4,10000
2025-08-26,Sector 4,África,Cola Original,4,18960
2025-08-26,Sector 5,África,Cola Zero,3,15360
2025-08-27,Sector 5,África,Cola Zero,4,18130
2025-08-27,Sector 4,América,Agua,3,6610
2025-08-27,Sector 4,América,Sprite,2,8100
2025-08-27,Sector 3,Asia,Agua,3,6590
2025-08-27,Sector 4,Oceanía,Fanta,2,7330
2025-08-27,Sector 3,África,Sprite,2,8170
2025-08-27,Sector 3,América,Sprite,1,5200
2025-08-27,Sector 2,América,Sprite,1,5210
2025-08-28,Sector 1,Europa,Fanta,2,6060
2025-08-28,Sector 2,América,Cola Original,1,5950
2025-08-28,Sector 3,Europa,Cola Original,1,5650
2025-08-28,Sector 2,Asia,Cola Original,2,11220
2025-08-28,Sector 1,Asia,Cola Zero,2,11240
2025-08-28,Sector 4,Asia,Fanta,4,12640
2025-08-28,Sector 4,Asia,Cola Original,4,15750
2025-09-01,Sector 1,América,Cola Zero,1,6690
2025-09-01,Sector 3,Europa,Cola Zero,1,6910
2025-09-01,Sector 1,África,Agua,3,7810
2025-09-01,Sector 5,África,Sprite,3,12280
2025-09-01,Sector 5,Oceanía,Fanta,1,4650
2025-09-01,Sector 5,Asia,Agua,2,6330
2025-09-02,Sector 1,África,Cola Original,3,11850
2025-09-02,Sector 5,Europa,Cola Original,2,9510
2025-09-02,Sector 1,América,Cola Zero,1,6500
2025-09-02,Sector 3,América,Fanta,1,3670
2025-09-02,Sector 4,Asia,Sprite,4,14000
2025-09-02,Sector 3,Europa,Cola Original,2,6760
2025-09-02,Sector 4,Europa,Fanta,3,10250
2025-09-02,Sector 1,Oceanía,Cola Original,1,4220
2025-09-02,Sector 2,Asia,Agua,3,8530
2025-09-02,Sector 4,África,Cola Original,5,20920
2025-09-02,Sector 4,América,Cola Original,2,8040
2025-09-02,Sector 2,Oceanía,Agua,2,4980
2025-09-02,Sector 2,América,Cola Original,2,8740
2025-09-02,Sector 4,Oceanía,Fanta,2,8170
2025-09-02,Sector 1,América,Cola Original,1,5130
2025-09-02,Sector 2,África,Agua,5,12080
2025-09-02,Sector 5,Asia,Cola Zero,3,12440
2025-09-02,Sector 3,América,Fanta,1,3350
2025-09-03,Sector 1,Oceanía,Cola Original,1,5320
2025-09-03,Sector 5,Europa,Sprite,2,9400
2025-09-03,Sector 3,Oceanía,Agua,1,2750
2025-09-03,Sector 3,África,Agua,3,7950
2025-09-03,Sector 3,Oceanía,Agua,2,3910
2025-09-03,Sector 2,África,Cola Original,3,14540
2025-09-03,Sector 4,Europa,Cola Original,3,11820
2025-09-03,Sector 3,Oceanía,Agua,1,3450
2025-09-03,Sector 2,África,Fanta,4,12540
2025-09-04,Sector 4,América,Cola Original,2,10560
2025-09-04,Sector 4,Oceanía,Cola Zero,2,7670
2025-09-04,Sector 2,Asia,Sprite,3,9950
2025-09-04,Sector 5,América,Fanta,1,4340
2025-09-04,Sector 2,África,Cola Zero,4,19870
2025-09-04,Sector 4,Oceanía,Sprite,2,7910
2025-09-04,Sector 3,Oceanía,Agua,1,2890
2025-09-04,Sector 3,Asia,Fanta,2,8000
2025-09-04,Sector 5,América,Sprite,2,6630
2025-09-04,Sector 1,Oceanía,Cola Original,1,4860
2025-09-04,Sector 4,Europa,Cola Zero,3,14220
2025-09-04,Sector 2,Europa,Fanta,2,6930
2025-09-05,Sector 5,América,Cola Original,1,6560
2025-09-05,Sector 5,Oceanía,Fanta,1,4510
2025-09-05,Sector 5,África,Sprite,4,14390
2025-09-05,Sector 4,África,Agua,4,11000
2025-09-05,Sector 4,Asia,Cola Zero,3,16390
2025-09-05,Sector 5,Europa,Cola Zero,2,8580
2025-09-05,Sector 4,Europa,Agua,3,7520
2025-09-05,Sector 3,Oceanía,Agua,1,3440
2025-09-06,Sector 4,Oceanía,Cola Zero,2,7500
2025-09-06,Sector 1,América,Fanta,1,4880
2025-09-06,Sector 2,África,Sprite,4,15750
2025-09-06,Sector 4,Europa,Cola Zero,2,11160
2025-09-06,Sector 5,Europa,Fanta,2,5860
2025-09-06,Sector 4,Oceanía,Agua,2,5680
2025-09-07,Sector 3,América,Cola Zero,1,4740
2025-09-07,Sector 2,Asia,Sprite,2,9140
2025-09-07,Sector 1,Europa,Cola Zero,2,8850
2025-09-07,Sector 4,Asia,Fanta,3,10810
2025-09-07,Sector 2,Oceanía,Cola Original,2,7600
2025-09-07,Sector 5,Europa,Sprite,2,7140
2025-09-07,Sector 2,África,Cola Original,3,14370
2025-09-07,Sector 3,Europa,Cola Original,1,6310
2025-09-07,Sector 4,África,Cola Zero,3,16170
2025-09-07,Sector 3,África,Cola Original,3,13010
2025-09-07,Sector 3,Oceanía,Agua,1,3480
2025-09-08,Sector 3,Asia,Cola Original,2,9300
2025-09-08,Sector 3,África,Cola Zero,3,13910
2025-09-08,Sector 2,Asia,Cola Original,3,12370
2025-09-08,Sector 3,África,Fanta,3,10160
2025-09-08,Sector 1,América,Fanta,1,3770
2025-09-08,Sector 2,Oceanía,Cola Original,1,5830
2025-09-08,Sector 3,Oceanía,Cola Zero,1,4170
2025-09-09,Sector 1,Oceanía,Cola Original,1,6440
2025-09-09,Sector 3,Europa,Cola Original,1,6350
2025-09-09,Sector 2,África,Cola Original,4,16470
2025-09-09,Sector 2,Europa,Cola Original,3,11680
2025-09-09,Sector 4,África,Sprite,4,15970
2025-09-09,Sector 4,América,Agua,3,6640
2025-09-09,Sector 1,Asia,Agua,3,7870
2025-09-09,Sector 3,Oceanía,Agua,1,2760
2025-09-09,Sector 4,Asia,Agua,4,10180
2025-09-09,Sector 3,Asia,Cola Zero,2,10780
2025-09-10,Sector 3,Europa,Cola Zero,1,6860
2025-09-10,Sector 3,África,Fanta,3,9460
2025-09-10,Sector 1,África,Fanta,2,8690
2025-09-10,Sector 2,Asia,Cola Original,2,10150
2025-09-10,Sector 2,Europa,Cola Zero,2,8440
2025-09-10,Sector 5,Oceanía,Cola Zero,1,6100
2025-09-10,Sector 2,América,Cola Original,2,8560
2025-09-10,Sector 5,África,Agua,4,10220
2025-09-10,Sector 3,África,Cola Original,2,10250
2025-09-11,Sector 3,Europa,Sprite,1,4720
2025-09-11,Sector 4,África,Cola Original,4,19070
2025-09-11,Sector 5,América,Fanta,2,5340
2025-09-11,Sector 3,África,Fanta,2,7970
2025-09-11,Sector 4,Oceanía,Fanta,2,6220
2025-09-11,Sector 4,Oceanía,Cola Original,2,7770
2025-09-11,Sector 2,Oceanía,Fanta,1,4750
2025-09-11,Sector 3,América,Fanta,1,3210
2025-09-11,Sector 3,África,Fanta,3,10450
2025-09-12,Sector 1,América,Fanta,1,4290
2025-09-12,Sector 4,Europa,Agua,4,9440
2025-09-12,Sector 5,Oceanía,Cola Original,2,7200
2025-09-12,Sector 2,Europa,Cola Zero,3,12760
2025-09-12,Sector 3,América,Cola Original,1,6140
2025-09-12,Sector 4,Asia,Fanta,4,14680
2025-09-12,Sector 1,Asia,Cola Original,2,11060
2025-09-12,Sector 5,Asia,Agua,3,6800
2025-09-12,Sector 1,Asia,Cola Original,2,9300
2025-09-12,Sector 5,Oceanía,Agua,1,3540
2025-09-12,Sector 4,Europa,Sprite,2,9320
2025-09-12,Sector 5,Oceanía,Agua,2,4250
2025-09-12,Sector 5,África,Sprite,3,9970
2025-09-13,Sector 5,Asia,Agua,4,9390
2025-09-13,Sector 2,Asia,Agua,4,9220
2025-09-13,Sector 4,América,Fanta,2,6270
2025-09-13,Sector 2,América,Sprite,2,6540
2025-09-13,Sector 4,América,Sprite,2,8910
2025-09-13,Sector 2,Europa,Cola Zero,3,12410
2025-09-13,Sector 2,África,Sprite,3,10740
2025-09-13,Sector 3,América,Cola Zero,1,4850
2025-09-13,Sector 2,América,Cola Zero,2,7310
2025-09-13,Sector 5,África,Cola Original,3,12720
2025-09-14,Sector 4,Europa,Fanta,2,8750
2025-09-14,Sector 4,Europa,Fanta,3,10440
2025-09-14,Sector 4,Asia,Cola Zero,4,18030
2025-09-14,Sector 1,Asia,Cola Original,2,9320
2025-09-14,Sector 3,América,Cola Original,1,5270
2025-09-14,Sector 3,Asia,Agua,3,7270
2025-09-15,Sector 5,América,Sprite,2,6130
2025-09-15,Sector 5,Oceanía,Sprite,1,4940
2025-09-15,Sector 3,Asia,Cola Original,2,7900
2025-09-15,Sector 5,Oceanía,Fanta,1,4700
2025-09-15,Sector 2,Asia,Cola Original,2,9830
2025-09-15,Sector 3,África,Fanta,2,7920
2025-09-15,Sector 5,África,Cola Zero,4,16870
2025-09-15,Sector 1,África,Agua,4,9280
2025-09-15,Sector 1,Oceanía,Cola Zero,1,5470
2025-09-15,Sector 2,África,Agua,5,13270
2025-09-16,Sector 2,América,Cola Original,1,5840
2025-09-16,Sector 4,Oceanía,Cola Zero,1,7150
2025-09-16,Sector 2,Europa,Cola Original,2,8270
2025-09-16,Sector 5,Oceanía,Cola Original,2,7440
2025-09-16,Sector 2,América,Cola Original,2,7220
2025-09-16,Sector 3,América,Cola Original,1,4950
2025-09-16,Sector 4,América,Cola Zero,2,10170
2025-09-16,Sector 3,Europa,Cola Original,1,5860
2025-09-16,Sector 2,Asia,Sprite,3,11940
2025-09-17,Sector 4,Oceanía,Cola Original,2,8370
2025-09-17,Sector 2,Asia,Sprite,2,8700
2025-09-17,Sector 2,América,Cola Original,2,8690
2025-09-17,Sector 1,África,Fanta,3,10550
2025-09-17,Sector 1,América,Cola Zero,1,5070
2025-09-18,Sector 3,Asia,Cola Original,2,8580
2025-09-18,Sector 1,América,Fanta,1,5190
2025-09-18,Sector 4,África,Agua,5,13120
2025-09-18,Sector 5,Oceanía,Agua,1,3510
2025-09-18,Sector 1,Oceanía,Cola Original,1,5470
2025-09-18,Sector 2,África,Fanta,4,14690
2025-09-18,Sector 2,Asia,Cola Original,3,11840
2025-09-19,Sector 1,África,Agua,4,9780
2025-09-19,Sector 4,Europa,Agua,4,9660
2025-09-19,Sector 4,África,Sprite,5,17250
2025-09-20,Sector 2,África,Sprite,4,15410
2025-09-20,Sector 2,Europa,Agua,3,8260
2025-09-20,Sector 5,Oceanía,Agua,2,4850
2025-09-20,Sector 5,Asia,Cola Zero,2,9690
2025-09-20,Sector 3,Asia,Cola Zero,2,10040
2025-09-20,Sector 4,Asia,Sprite,3,10330
2025-09-20,Sector 4,Asia,Cola Zero,4,18130
2025-09-20,Sector 2,Asia,Cola Zero,2,11790
2025-09-20,Sector 4,África,Fanta,4,14080
2025-09-20,Sector 5,Oceanía,Fanta,2,5790
2025-09-20,Sector 1,Europa,Agua,2,6010
2025-09-20,Sector 5,Asia,Cola Original,2,10310
2025-09-20,Sector 4,Europa,Sprite,3,10700
2025-09-20,Sector 5,América,Sprite,2,6760
2025-09-21,Sector 2,Europa,Sprite,2,6880
2025-09-21,Sector 5,Europa,Cola Original,2,9400
2025-09-21,Sector 4,Oceanía,Fanta,2,7280
2025-09-21,Sector 5,Asia,Cola Original,3,13750
2025-09-21,Sector 3,América,Agua,2,4290
2025-09-21,Sector 3,Oceanía,Fanta,1,4600
2025-09-21,Sector 4,Europa,Agua,3,8290
2025-09-21,Sector 4,África,Sprite,5,19510
2025-09-21,Sector 2,Europa,Fanta,2,7110
2025-09-21,Sector 2,Oceanía,Agua,2,4090
2025-09-21,Sector 4,África,Cola Zero,4,17590
2025-09-21,Sector 1,Asia,Cola Original,2,7460
2025-09-21,Sector 1,África,Agua,3,8560
2025-09-22,Sector 5,Asia,Cola Original,3,13700
2025-09-22,Sector 5,Europa,Cola Original,2,10680
2025-09-22,Sector 2,Asia,Cola Original,3,12020
2025-09-22,Sector 5,Asia,Sprite,2,7930
2025-09-22,Sector 3,Oceanía,Agua,1,3500
2025-09-23,Sector 1,África,Cola Zero,3,15560
2025-09-23,Sector 1,América,Agua,2,4570
2025-09-23,Sector 1,África,Cola Zero,3,12520
2025-09-23,Sector 3,Europa,Fanta,1,4760
2025-09-23,Sector 4,Asia,Fanta,4,14150
2025-09-23,Sector 1,África,Sprite,3,9680
2025-09-23,Sector 2,América,Sprite,2,5900
2025-09-23,Sector 5,América,Sprite,2,6510
2025-09-23,Sector 5,África,Agua,4,10220
2025-09-23,Sector 1,Europa,Agua,2,5840
2025-09-23,Sector 2,Oceanía,Fanta,2,6220
2025-09-24,Sector 1,Oceanía,Agua,2,4390
2025-09-24,Sector 4,Europa,Cola Original,3,12220
2025-09-24,Sector 1,Asia,Cola Zero,2,9680
2025-09-24,Sector 4,Oceanía,Agua,2,4880
2025-09-24,Sector 4,Asia,Cola Original,4,16310
2025-09-24,Sector 3,África,Cola Zero,2,9800
2025-09-24,Sector 5,América,Cola Original,2,7590
2025-09-24,Sector 4,Asia,Cola Zero,4,18690
2025-09-24,Sector 1,Oceanía,Fanta,1,4870
2025-09-24,Sector 3,Europa,Agua,2,4440
2025-09-24,Sector 3,Asia,Cola Original,2,10380
2025-09-25,Sector 4,Europa,Fanta,3,8800
2025-09-25,Sector 3,Asia,Agua,2,5890
2025-09-25,Sector 2,África,Fanta,3,10040
2025-09-25,Sector 3,Oceanía,Fanta,1,3430
2025-09-25,Sector 3,Europa,Cola Zero,2,8310
2025-09-25,Sector 5,Asia,Agua,3,8210
2025-09-25,Sector 3,América,Cola Original,1,4550
2025-09-25,Sector 3,América,Fanta,1,3470
2025-09-25,Sector 1,Europa,Sprite,2,6460
2025-09-25,Sector 3,Asia,Agua,3,7010
2025-09-26,Sector 2,Asia,Fanta,2,7860
2025-09-26,Sector 3,América,Fanta,1,4820
2025-09-26,Sector 2,América,Cola Original,2,8030
2025-09-26,Sector 2,África,Agua,5,12680
2025-09-26,Sector 1,África,Agua,4,9260
2025-09-26,Sector 1,Asia,Cola Zero,2,10720
2025-09-26,Sector 1,Oceanía,Fanta,1,4530
2025-09-26,Sector 3,África,Cola Zero,2,9910
2025-09-26,Sector 5,Europa,Cola Zero,2,10940
2025-09-26,Sector 3,Oceanía,Fanta,1,3210
2025-09-27,Sector 1,Asia,Cola Original,2,8680
2025-09-27,Sector 4,Oceanía,Cola Original,2,9380
2025-09-27,Sector 4,América,Agua,2,5620
2025-09-27,Sector 2,África,Cola Original,4,17180
2025-09-27,Sector 4,Asia,Cola Original,4,17960
2025-09-27,Sector 3,Asia,Cola Original,2,7000
2025-09-28,Sector 1,Europa,Sprite,2,7050
2025-09-28,Sector 4,América,Cola Original,2,8680
2025-09-28,Sector 4,América,Agua,2,6230
2025-09-28,Sector 3,Oceanía,Cola Zero,1,4110
2025-09-28,Sector 4,América,Cola Zero,2,7730
2025-09-28,Sector 3,Oceanía,Fanta,1,3450
2025-09-28,Sector 5,Oceanía,Agua,1,3580
2025-09-28,Sector 5,América,Fanta,1,5080
2025-09-28,Sector 2,África,Fanta,3,10380
2025-10-01,Sector 5,Oceanía,Cola Zero,1,6440
2025-10-01,Sector 3,Europa,Agua,2,5390
2025-10-01,Sector 1,Europa,Cola Original,2,7600
2025-10-01,Sector 2,Europa,Cola Original,2,9050
2025-10-01,Sector 4,Europa,Sprite,3,12180
2025-10-01,Sector 1,Oceanía,Agua,1,3830
2025-10-01,Sector 1,Oceanía,Fanta,1,4040
2025-10-01,Sector 5,África,Sprite,3,12090
2025-10-01,Sector 1,África,Cola Zero,3,13460
2025-10-02,Sector 5,Europa,Fanta,2,7880
2025-10-02,Sector 1,América,Sprite,1,5470
2025-10-02,Sector 4,América,Cola Zero,2,11120
2025-10-02,Sector 4,Oceanía,Agua,2,5510
2025-10-02,Sector 1,Oceanía,Agua,2,4510
2025-10-02,Sector 4,África,Sprite,4,15090
2025-10-02,Sector 2,Asia,Cola Original,3,12080
2025-10-03,Sector 2,Europa,Cola Original,2,9380
2025-10-03,Sector 5,América,Cola Zero,2,7770
2025-10-03,Sector 3,África,Cola Original,2,10020
2025-10-03,Sector 1,Europa,Fanta,2,7540
2025-10-03,Sector 5,África,Agua,3,8930
2025-10-04,Sector 4,Asia,Agua,5,12380
2025-10-04,Sector 4,América,Cola Zero,2,7850
2025-10-04,Sector 5,América,Sprite,1,4540
2025-10-04,Sector 3,África,Agua,3,8710
2025-10-04,Sector 2,África,Cola Zero,4,18850
2025-10-04,Sector 3,Europa,Agua,2,5370
2025-10-04,Sector 5,África,Fanta,3,10900
2025-10-04,Sector 5,Oceanía,Cola Original,1,6400
2025-10-04,Sector 3,Oceanía,Sprite,1,4130
2025-10-05,Sector 2,América,Cola Original,2,8310
2025-10-05,Sector 4,Oceanía,Fanta,2,8150
2025-10-05,Sector 3,África,Cola Original,2,10560
2025-10-05,Sector 1,Asia,Sprite,3,9660
2025-10-05,Sector 5,África,Fanta,4,14540
2025-10-05,Sector 5,Asia,Cola Original,3,12560
2025-10-05,Sector 4,África,Fanta,4,15310
2025-10-05,Sector 4,América,Agua,3,7640
2025-10-05,Sector 4,Europa,Cola Original,3,12070
2025-10-05,Sector 3,África,Agua,3,6600
2025-10-06,Sector 5,Europa,Fanta,2,7300
2025-10-06,Sector 5,África,Cola Zero,3,13210
2025-10-06,Sector 1,Europa,Agua,2,5370
2025-10-06,Sector 4,África,Cola Original,4,18380
2025-10-06,Sector 1,África,Agua,4,9520
2025-10-06,Sector 5,África,Fanta,4,13770
2025-10-06,Sector 2,América,Fanta,2,5650
2025-10-06,Sector 3,Europa,Fanta,2,6020
2025-10-07,Sector 2,Asia,Cola Zero,2,11840
2025-10-07,Sector 1,Europa,Cola Original,2,9360
2025-10-07,Sector 3,África,Cola Original,2,9160
2025-10-07,Sector 5,Europa,Sprite,2,8750
2025-10-07,Sector 4,Oceanía,Sprite,2,6180
2025-10-07,Sector 3,Asia,Agua,2,5750
2025-10-07,Sector 4,Asia,Sprite,4,13800
2025-10-07,Sector 4,Europa,Sprite,2,8970
2025-10-07,Sector 2,Oceanía,Agua,2,5730
2025-10-07,Sector 5,América,Cola Zero,1,6150
2025-10-08,Sector 5,América,Agua,1,3830
2025-10-08,Sector 1,Europa,Sprite,2,7700
2025-10-08,Sector 3,África,Cola Original,2,11140
2025-10-08,Sector 3,Europa,Agua,2,4760
2025-10-08,Sector 2,Asia,Sprite,3,12660
2025-10-08,Sector 4,Oceanía,Fanta,2,6680
2025-10-08,Sector 5,Asia,Fanta,2,8690
2025-10-08,Sector 1,África,Cola Original,2,11010
2025-10-08,Sector 2,África,Sprite,3,11260
2025-10-08,Sector 3,África,Agua,3,7670
2025-10-08,Sector 3,Asia,Cola Original,2,7140
2025-10-09,Sector 2,África,Agua,4,9380
2025-10-09,Sector 4,Europa,Cola Original,3,12500
2025-10-09,Sector 5,Oceanía,Fanta,1,4250
2025-10-09,Sector 3,América,Sprite,1,4740
2025-10-09,Sector 1,Asia,Cola Original,2,10890
2025-10-09,Sector 3,África,Cola Original,2,10700
2025-10-09,Sector 1,Asia,Cola Original,2,9890
2025-10-09,Sector 3,Europa,Sprite,2,7040
2025-10-09,Sector 3,Oceanía,Agua,1,3400
2025-10-09,Sector 4,América,Fanta,2,8730
2025-10-09,Sector 3,Asia,Sprite,2,8580
2025-10-09,Sector 1,América,Sprite,1,5670
2025-10-09,Sector 3,Europa,Sprite,1,4920
2025-10-09,Sector 3,Europa,Sprite,2,6640
2025-10-09,Sector 5,África,Fanta,3,11500
2025-10-10,Sector 3,América,Sprite,1,3550
2025-10-10,Sector 4,Asia,Cola Original,4,17550
2025-10-10,Sector 4,Asia,Cola Original,3,15540
2025-10-10,Sector 2,África,Cola Original,3,12890
2025-10-10,Sector 1,Asia,Sprite,3,9570
2025-10-10,Sector 2,Asia,Fanta,3,10140
2025-10-10,Sector 5,América,Fanta,2,6040
2025-10-10,Sector 5,Oceanía,Sprite,2,6020
2025-10-10,Sector 2,África,Fanta,4,13610
2025-10-11,Sector 1,Oceanía,Sprite,1,5280
2025-10-11,Sector 5,Asia,Agua,3,6620
2025-10-11,Sector 4,África,Agua,5,12120
2025-10-11,Sector 1,América,Cola Original,1,4790
2025-10-11,Sector 2,Asia,Fanta,3,9890
2025-10-11,Sector 4,Asia,Agua,4,9520
2025-10-11,Sector 3,Oceanía,Cola Original,1,4300
2025-10-12,Sector 1,África,Sprite,3,10610
2025-10-12,Sector 5,América,Fanta,2,6540
2025-10-12,Sector 5,Asia,Cola Zero,3,13460
2025-10-13,Sector 4,África,Cola Zero,5,24880
2025-10-13,Sector 3,Europa,Fanta,2,6350
2025-10-13,Sector 5,Asia,Cola Original,2,8940
2025-10-13,Sector 4,Asia,Fanta,4,12940
2025-10-13,Sector 1,Oceanía,Sprite,1,3580
2025-10-13,Sector 2,América,Sprite,2,7100
2025-10-13,Sector 2,América,Cola Original,1,6140
2025-10-13,Sector 4,Europa,Sprite,2,8920
2025-10-14,Sector 1,América,Sprite,1,4630
2025-10-14,Sector 4,Oceanía,Fanta,2,7290
2025-10-14,Sector 4,Europa,Fanta,2,8530
2025-10-14,Sector 3,Oceanía,Cola Zero,1,5420
2025-10-14,Sector 3,Asia,Cola Original,2,9900
2025-10-14,Sector 4,Asia,Agua,4,11160
2025-10-14,Sector 1,Europa,Agua,2,6330
2025-10-14,Sector 2,África,Agua,5,13760
2025-10-14,Sector 4,América,Sprite,2,7190
2025-10-14,Sector 3,América,Agua,2,4190
2025-10-15,Sector 4,Asia,Cola Original,4,16810
2025-10-15,Sector 4,Oceanía,Fanta,2,6820
2025-10-15,Sector 1,África,Sprite,2,9060
2025-10-15,Sector 3,África,Sprite,2,9380
2025-10-15,Sector 1,Europa,Agua,2,5760
2025-10-15,Sector 5,Asia,Cola Original,3,12790
2025-10-15,Sector 3,Europa,Cola Zero,1,6310
2025-10-15,Sector 5,Europa,Fanta,3,8830
2025-10-16,Sector 1,Europa,Sprite,2,6280
2025-10-16,Sector 3,Oceanía,Agua,1,3150
2025-10-16,Sector 4,Europa,Cola Zero,3,13710
2025-10-16,Sector 4,Europa,Sprite,3,11770
2025-10-16,Sector 2,Asia,Agua,4,10020
2025-10-16,Sector 4,Oceanía,Cola Original,2,7920
2025-10-16,Sector 1,Europa,Sprite,2,6720
2025-10-16,Sector 2,Oceanía,Agua,2,5410
2025-10-16,Sector 4,América,Agua,3,7490
2025-10-16,Sector 3,Oceanía,Agua,1,2940
2025-10-16,Sector 2,Asia,Agua,4,9290
2025-10-16,Sector 2,América,Fanta,1,4610
2025-10-17,Sector 2,Oceanía,Cola Original,1,5850
2025-10-17,Sector 2,Europa,Cola Zero,2,8330
2025-10-17,Sector 5,África,Agua,4,10710
2025-10-17,Sector 5,África,Agua,4,10470
2025-10-17,Sector 3,Oceanía,Fanta,1,4600
2025-10-17,Sector 1,Oceanía,Agua,2,3910
2025-10-17,Sector 3,Oceanía,Cola Original,1,4690
2025-10-17,Sector 3,África,Cola Zero,3,14270
2025-10-17,Sector 2,América,Agua,2,5980
2025-10-17,Sector 2,América,Cola Zero,1,6430
2025-10-17,Sector 4,América,Cola Original,2,8900
2025-10-18,Sector 2,Asia,Sprite,3,12190
2025-10-18,Sector 3,África,Sprite,2,8590
2025-10-18,Sector 4,Asia,Cola Zero,3,12970
2025-10-18,Sector 3,Oceanía,Cola Original,1,4820
2025-10-18,Sector 2,América,Sprite,1,5310
2025-10-19,Sector 3,América,Agua,1,3730
2025-10-19,Sector 4,África,Sprite,5,17830
2025-10-19,Sector 3,Europa,Fanta,1,4750
2025-10-19,Sector 4,Asia,Fanta,3,10720
2025-10-19,Sector 4,Oceanía,Cola Zero,2,10500
2025-10-19,Sector 2,América,Agua,2,5660
2025-10-20,Sector 1,América,Cola Original,1,5160
2025-10-20,Sector 1,África,Sprite,3,9660
2025-10-20,Sector 1,Asia,Agua,2,5260
2025-10-20,Sector 4,Europa,Cola Original,3,12650
2025-10-20,Sector 1,Europa,Cola Original,2,9250
2025-10-20,Sector 3,África,Fanta,3,9970
2025-10-20,Sector 2,Europa,Sprite,3,9870
2025-10-20,Sector 1,Asia,Cola Zero,2,9150
2025-10-20,Sector 4,Oceanía,Cola Zero,2,7710
2025-10-20,Sector 4,África,Fanta,5,16560
2025-10-20,Sector 1,Asia,Sprite,2,6840
2025-10-20,Sector 1,Europa,Cola Original,2,8530
2025-10-20,Sector 3,Oceanía,Agua,1,2910
2025-10-20,Sector 3,Oceanía,Cola Original,1,5320
2025-10-20,Sector 5,África,Fanta,3,9870
2025-10-21,Sector 2,América,Sprite,2,6790
2025-10-21,Sector 4,Europa,Cola Original,3,12970
2025-10-21,Sector 4,África,Sprite,4,13440
2025-10-21,Sector 4,Europa,Fanta,2,8170
2025-10-21,Sector 4,África,Cola Original,4,18820
2025-10-21,Sector 3,África,Agua,3,7470
2025-10-21,Sector 4,África,Sprite,5,20710
2025-10-21,Sector 1,África,Cola Original,3,14470
2025-10-21,Sector 5,Asia,Cola Original,2,10570
2025-10-21,Sector 2,Asia,Fanta,3,9200
2025-10-21,Sector 4,África,Sprite,5,17770
2025-10-21,Sector 5,Europa,Fanta,2,7920
2025-10-22,Sector 3,Asia,Agua,2,6020
2025-10-22,Sector 3,Oceanía,Fanta,1,4080
2025-10-22,Sector 1,Oceanía,Cola Zero,1,4460
2025-10-22,Sector 3,Oceanía,Fanta,1,3200
2025-10-22,Sector 3,África,Cola Zero,2,10640
2025-10-22,Sector 1,América,Sprite,1,5380
2025-10-23,Sector 1,Oceanía,Cola Zero,1,6560
2025-10-23,Sector 2,Europa,Agua,3,8210
2025-10-23,Sector 3,Asia,Fanta,2,6550
2025-10-23,Sector 3,Oceanía,Fanta,1,4600
2025-10-23,Sector 4,América,Fanta,2,5910
2025-10-23,Sector 4,África,Sprite,5,18450
2025-10-23,Sector 1,África,Cola Original,2,11240
2025-10-23,Sector 2,América,Cola Zero,1,6310
2025-10-23,Sector 2,Europa,Cola Zero,2,10430
2025-10-23,Sector 5,África,Sprite,3,13100
2025-10-23,Sector 1,Oceanía,Cola Zero,1,6100
2025-10-23,Sector 2,América,Fanta,1,4760
2025-10-24,Sector 5,África,Sprite,4,13760
2025-10-24,Sector 4,Oceanía,Cola Zero,2,9260
2025-10-24,Sector 4,América,Fanta,2,6960
2025-10-24,Sector 4,Asia,Agua,4,11480
2025-10-24,Sector 4,África,Cola Zero,4,19150
2025-10-24,Sector 4,Europa,Cola Zero,3,13590
2025-10-24,Sector 4,África,Sprite,4,13940
2025-10-24,Sector 3,África,Fanta,3,8820
2025-10-24,Sector 5,Oceanía,Cola Zero,1,5840
2025-10-24,Sector 3,Asia,Cola Original,2,8330
2025-10-24,Sector 4,Europa,Cola Original,3,13620
2025-10-24,Sector 5,Asia,Cola Original,3,13690
2025-10-25,Sector 5,Asia,Cola Zero,2,9720
2025-10-25,Sector 4,Oceanía,Cola Zero,1,7060
2025-10-25,Sector 2,Asia,Cola Original,3,13220
2025-10-25,Sector 5,América,Cola Zero,2,8270
2025-10-25,Sector 4,África,Agua,5,13860
2025-10-25,Sector 3,África,Fanta,3,9000
2025-10-25,Sector 4,África,Fanta,5,18020
2025-10-25,Sector 1,Oceanía,Cola Zero,1,6100
2025-10-25,Sector 2,Asia,Sprite,3,11880
2025-10-25,Sector 2,América,Cola Original,1,6090
2025-10-25,Sector 5,Asia,Agua,4,9110
2025-10-26,Sector 4,América,Cola Original,2,8140
2025-10-26,Sector 1,Asia,Cola Zero,3,12120
2025-10-26,Sector 1,Asia,Cola Original,2,8600
2025-10-26,Sector 2,Europa,Cola Zero,2,11410
2025-10-26,Sector 3,Asia,Fanta,2,6490
2025-10-26,Sector 4,Asia,Cola Original,3,13620
2025-10-26,Sector 3,Oceanía,Sprite,1,4280
2025-10-26,Sector 4,Oceanía,Sprite,2,8100
2025-10-26,Sector 3,Europa,Cola Zero,1,6040
2025-10-26,Sector 4,África,Cola Original,4,18380
2025-10-27,Sector 4,Europa,Fanta,2,7990
2025-10-27,Sector 2,Oceanía,Cola Original,1,5880
2025-10-27,Sector 4,Asia,Cola Original,4,17210
2025-10-28,Sector 5,Asia,Sprite,3,9970
2025-10-28,Sector 4,Oceanía,Cola Zero,2,8900
2025-10-28,Sector 3,Oceanía,Cola Zero,1,4620
2025-10-28,Sector 3,América,Sprite,1,4850
2025-10-28,Sector 5,Asia,Agua,3,7620
2025-10-28,Sector 4,América,Cola Original,2,9040
2025-10-28,Sector 3,Oceanía,Cola Original,1,4010
2025-10-28,Sector 4,Europa,Fanta,2,8190
2025-10-28,Sector 4,América,Fanta,2,6330
2025-11-01,Sector 2,Oceanía,Cola Original,1,6640
2025-11-01,Sector 2,África,Fanta,4,15200
2025-11-01,Sector 4,Oceanía,Fanta,2,8120
2025-11-01,Sector 4,Asia,Cola Zero,4,16850
2025-11-01,Sector 2,Oceanía,Agua,2,4490
2025-11-01,Sector 2,Oceanía,Sprite,1,5690
2025-11-01,Sector 2,Europa,Fanta,2,8390
2025-11-02,Sector 5,Asia,Sprite,3,9940
2025-11-02,Sector 2,África,Cola Zero,3,14390
2025-11-02,Sector 3,Asia,Cola Original,2,10450
2025-11-02,Sector 1,África,Sprite,3,11470
2025-11-02,Sector 4,Asia,Sprite,4,14630
2025-11-03,Sector 5,Oceanía,Cola Original,2,7170
2025-11-03,Sector 1,Asia,Cola Original,2,8190
2025-11-03,Sector 3,Europa,Fanta,2,5890
2025-11-03,Sector 4,América,Sprite,2,6080
2025-11-03,Sector 4,Europa,Agua,3,6900
2025-11-03,Sector 4,África,Fanta,4,14750
2025-11-03,Sector 3,América,Cola Original,1,4470
2025-11-04,Sector 2,América,Fanta,2,6310
2025-11-04,Sector 4,Europa,Agua,4,9580
2025-11-04,Sector 3,Europa,Cola Original,1,6520
2025-11-04,Sector 5,Oceanía,Sprite,1,4530
2025-11-04,Sector 1,África,Cola Original,2,9940
2025-11-04,Sector 4,Oceanía,Fanta,2,8210
2025-11-04,Sector 1,Oceanía,Cola Zero,1,4350
2025-11-04,Sector 2,Oceanía,Cola Zero,1,5670
2025-11-04,Sector 3,Europa,Sprite,2,6840
2025-11-04,Sector 1,Europa,Cola Zero,2,8720
2025-11-04,Sector 1,África,Cola Original,3,12220
2025-11-04,Sector 5,Europa,Sprite,3,9630
2025-11-04,Sector 1,Europa,Fanta,1,4930
2025-11-04,Sector 2,Asia,Fanta,2,8290
2025-11-05,Sector 3,Oceanía,Sprite,1,3990
2025-11-05,Sector 2,América,Cola Zero,2,8930
2025-11-05,Sector 5,Asia,Fanta,3,9160
2025-11-05,Sector 3,América,Cola Original,1,4420
2025-11-05,Sector 3,África,Cola Zero,2,10960
2025-11-05,Sector 3,Europa,Sprite,2,6150
2025-11-05,Sector 4,Asia,Fanta,4,14410
2025-11-05,Sector 5,Asia,Cola Zero,2,10000
2025-11-05,Sector 2,América,Sprite,2,6880
2025-11-05,Sector 2,Asia,Sprite,3,10330
2025-11-05,Sector 5,Oceanía,Sprite,2,6100
2025-11-05,Sector 4,África,Fanta,4,14990
2025-11-05,Sector 5,Oceanía,Fanta,1,4900
2025-11-06,Sector 3,América,Fanta,1,4420
2025-11-06,Sector 1,Europa,Cola Original,2,7330
2025-11-06,Sector 5,América,Cola Original,2,6820
2025-11-06,Sector 4,América,Fanta,2,8180
2025-11-06,Sector 1,Asia,Agua,3,8050
2025-11-06,Sector 1,Oceanía,Cola Original,1,4730
2025-11-06,Sector 5,Oceanía,Agua,2,5180
2025-11-06,Sector 1,América,Sprite,1,3800
2025-11-06,Sector 5,Asia,Cola Original,3,12710
2025-11-06,Sector 5,América,Sprite,2,6650
2025-11-06,Sector 5,África,Cola Zero,3,15010
2025-11-06,Sector 5,Oceanía,Sprite,1,4410
2025-11-06,Sector 4,Oceanía,Fanta,2,7580
2025-11-06,Sector 4,Europa,Sprite,2,8660
2025-11-06,Sector 5,Asia,Cola Zero,3,13640
2025-11-07,Sector 2,Europa,Fanta,3,9710
2025-11-07,Sector 2,Europa,Cola Zero,2,10230
2025-11-07,Sector 1,Europa,Cola Original,2,6860
2025-11-07,Sector 5,Europa,Cola Original,2,7450
2025-11-07,Sector 3,América,Cola Zero,1,5190
2025-11-07,Sector 3,América,Cola Original,1,5800
2025-11-07,Sector 2,América,Cola Original,2,7120
2025-11-07,Sector 1,Asia,Fanta,3,8980
2025-11-08,Sector 5,Asia,Sprite,2,8080
2025-11-08,Sector 1,África,Fanta,3,9390
2025-11-08,Sector 2,América,Agua,2,4400
2025-11-08,Sector 4,Oceanía,Agua,3,6660
2025-11-08,Sector 4,Europa,Cola Original,3,12300
2025-11-08,Sector 1,Asia,Agua,2,5820
2025-11-08,Sector 2,Oceanía,Fanta,2,5570
2025-11-09,Sector 5,Europa,Cola Original,2,9290
2025-11-09,Sector 2,América,Sprite,1,5250
2025-11-09,Sector 5,África,Sprite,3,10350
2025-11-09,Sector 3,África,Fanta,3,8900
2025-11-09,Sector 3,Oceanía,Fanta,1,4490
2025-11-09,Sector 1,Oceanía,Cola Zero,1,5660
2025-11-09,Sector 2,América,Agua,2,5490
2025-11-09,Sector 4,Europa,Agua,3,8510
2025-11-10,Sector 2,Asia,Cola Zero,2,10360
2025-11-10,Sector 4,África,Cola Original,4,18760
2025-11-10,Sector 2,Europa,Cola Original,2,10760
2025-11-10,Sector 5,África,Cola Original,3,14400
2025-11-10,Sector 2,Oceanía,Fanta,1,5020
2025-11-10,Sector 4,África,Cola Original,5,21390
2025-11-10,Sector 5,Asia,Cola Zero,3,12460
2025-11-10,Sector 4,Asia,Cola Zero,4,18090
2025-11-10,Sector 3,Oceanía,Cola Original,1,3960
2025-11-10,Sector 2,América,Agua,2,4750
2025-11-10,Sector 2,Europa,Cola Zero,2,11580
2025-11-10,Sector 4,América,Agua,2,6140
2025-11-11,Sector 4,América,Agua,3,7470
2025-11-11,Sector 5,Oceanía,Cola Zero,2,8040
2025-11-11,Sector 1,Asia,Sprite,2,7170
2025-11-11,Sector 1,Europa,Fanta,2,7020
2025-11-11,Sector 4,América,Cola Zero,2,9650
2025-11-11,Sector 5,África,Cola Original,4,17310
2025-11-11,Sector 2,África,Cola Zero,4,17720
2025-11-11,Sector 5,Asia,Agua,3,7630
2025-11-11,Sector 1,Oceanía,Cola Original,1,4250
2025-11-12,Sector 5,América,Cola Zero,2,8060
2025-11-12,Sector 3,América,Agua,1,2770
2025-11-12,Sector 5,Europa,Sprite,2,7400
2025-11-12,Sector 1,Asia,Fanta,2,7600
2025-11-12,Sector 1,África,Agua,3,8350
2025-11-12,Sector 1,Europa,Agua,2,4830
2025-11-12,Sector 4,Oceanía,Cola Zero,2,10400
2025-11-12,Sector 4,Asia,Fanta,3,11580
2025-11-12,Sector 1,África,Agua,3,7640
2025-11-12,Sector 5,Europa,Sprite,2,6460
2025-11-13,Sector 2,América,Agua,2,4990
2025-11-13,Sector 2,Europa,Agua,3,6590
2025-11-13,Sector 3,África,Cola Zero,3,12650
2025-11-13,Sector 3,Asia,Cola Zero,2,10020
2025-11-13,Sector 4,Asia,Agua,4,11380
2025-11-13,Sector 2,Europa,Cola Zero,2,10120
2025-11-14,Sector 2,América,Cola Zero,2,9030
2025-11-14,Sector 4,África,Cola Zero,5,24010
2025-11-14,Sector 4,Oceanía,Cola Zero,2,7930
2025-11-14,Sector 2,Europa,Agua,3,8040
2025-11-14,Sector 4,América,Cola Zero,2,10860
2025-11-14,Sector 2,África,Fanta,3,11150
2025-11-14,Sector 5,Asia,Fanta,3,11240
2025-11-14,Sector 2,Oceanía,Sprite,2,6050
2025-11-14,Sector 3,Oceanía,Cola Original,1,5800
2025-11-14,Sector 3,Oceanía,Agua,1,2790
2025-11-15,Sector 5,África,Cola Original,3,13340
2025-11-15,Sector 4,Asia,Cola Zero,3,13030
2025-11-15,Sector 3,Oceanía,Sprite,1,3760
2025-11-15,Sector 5,Oceanía,Cola Original,1,5390
2025-11-15,Sector 3,Europa,Fanta,2,6230
2025-11-15,Sector 4,Europa,Cola Zero,3,12760
2025-11-16,Sector 1,América,Sprite,1,4400
2025-11-16,Sector 1,América,Cola Zero,1,5150
2025-11-16,Sector 3,Oceanía,Sprite,1,4230
2025-11-16,Sector 5,Europa,Cola Original,2,8100
2025-11-16,Sector 5,África,Cola Zero,4,19210
2025-11-16,Sector 5,Europa,Sprite,3,9570
2025-11-16,Sector 4,África,Cola Zero,5,24600
2025-11-16,Sector 5,Asia,Sprite,3,9910
2025-11-16,Sector 1,América,Cola Original,1,5200
2025-11-16,Sector 2,Asia,Cola Zero,2,11120
2025-11-16,Sector 1,América,Agua,1,3880
2025-11-16,Sector 3,Oceanía,Cola Original,1,5220
2025-11-17,Sector 3,Europa,Fanta,2,5530
2025-11-17,Sector 3,África,Fanta,2,8750
2025-11-17,Sector 1,África,Fanta,3,11920
2025-11-17,Sector 2,Asia,Sprite,2,8480
2025-11-18,Sector 3,Asia,Cola Original,2,10120
2025-11-18,Sector 3,África,Fanta,2,7770
2025-11-18,Sector 2,África,Agua,4,11490
2025-11-18,Sector 5,África,Sprite,3,11500
2025-11-18,Sector 4,Europa,Agua,3,7920
2025-11-18,Sector 2,África,Sprite,4,15790
2025-11-18,Sector 2,Europa,Sprite,2,9470
2025-11-18,Sector 1,Asia,Agua,3,6840
2025-11-18,Sector 2,Europa,Cola Original,2,9950
2025-11-18,Sector 1,Oceanía,Cola Zero,1,4690
2025-11-18,Sector 4,Asia,Agua,4,11620
2025-11-18,Sector 2,América,Cola Original,2,8260
2025-11-18,Sector 3,Oceanía,Cola Original,1,4560
2025-11-18,Sector 4,África,Cola Original,4,17640
2025-11-19,Sector 5,África,Cola Original,4,18410
2025-11-19,Sector 3,Asia,Agua,3,6570
2025-11-19,Sector 5,Europa,Sprite,2,9370
2025-11-19,Sector 1,América,Agua,2,4510
2025-11-19,Sector 2,Europa,Cola Original,2,10330
2025-11-19,Sector 5,Asia,Fanta,2,7680
2025-11-20,Sector 4,Europa,Sprite,3,9620
2025-11-20,Sector 5,Oceanía,Cola Original,1,5400
2025-11-21,Sector 1,África,Fanta,3,9110
2025-11-21,Sector 2,África,Cola Original,4,19920
2025-11-21,Sector 5,Oceanía,Sprite,1,4720
2025-11-21,Sector 2,Oceanía,Cola Original,2,8350
2025-11-21,Sector 2,América,Cola Original,1,6260
2025-11-21,Sector 4,Europa,Cola Original,2,10080
2025-11-21,Sector 1,África,Fanta,3,11170
2025-11-21,Sector 3,África,Sprite,2,7970
2025-11-21,Sector 1,Asia,Sprite,2,6480
2025-11-21,Sector 1,Asia,Cola Zero,2,10460
2025-11-21,Sector 4,Oceanía,Fanta,2,6410
2025-11-21,Sector 1,Oceanía,Cola Original,1,6230
2025-11-21,Sector 2,África,Cola Zero,3,14950
2025-11-21,Sector 2,Europa,Cola Original,2,10940
2025-11-22,Sector 5,África,Cola Original,4,16180
2025-11-22,Sector 4,América,Cola Zero,2,10690
2025-11-22,Sector 4,América,Cola Original,2,9780
2025-11-22,Sector 2,América,Agua,2,5320
2025-11-22,Sector 3,Oceanía,Agua,1,3390
2025-11-22,Sector 1,Asia,Cola Original,2,10850
2025-11-22,Sector 5,América,Cola Original,1,6330
2025-11-22,Sector 5,Oceanía,Sprite,1,4470
2025-11-22,Sector 5,América,Fanta,1,4440
2025-11-22,Sector 4,Oceanía,Sprite,1,5690
2025-11-23,Sector 3,América,Cola Original,1,5830
2025-11-23,Sector 4,América,Agua,3,7490
2025-11-23,Sector 1,América,Cola Zero,1,6310
2025-11-23,Sector 2,África,Fanta,3,11580
2025-11-23,Sector 3,Europa,Agua,2,5410
2025-11-23,Sector 3,África,Sprite,3,10500
2025-11-23,Sector 1,América,Cola Original,1,5260
2025-11-23,Sector 2,Asia,Cola Original,3,11960
2025-11-23,Sector 4,Asia,Fanta,4,12830
2025-11-23,Sector 1,Asia,Cola Zero,3,12200
2025-11-23,Sector 1,Oceanía,Sprite,1,4990
2025-11-24,Sector 3,América,Fanta,1,3890
2025-11-24,Sector 1,América,Fanta,1,5030
2025-11-24,Sector 5,África,Cola Zero,4,19420
2025-11-24,Sector 5,África,Agua,4,10290
2025-11-24,Sector 4,África,Fanta,5,18850
2025-11-24,Sector 5,Europa,Sprite,2,9210
2025-11-24,Sector 1,Oceanía,Sprite,1,5050
2025-11-24,Sector 5,América,Cola Original,2,8040
2025-11-24,Sector 1,América,Agua,1,3230
2025-11-24,Sector 3,América,Fanta,1,4680
2025-11-25,Sector 5,África,Fanta,4,14550
2025-11-25,Sector 2,África,Cola Zero,3,15150
2025-11-25,Sector 1,África,Sprite,3,10420
2025-11-25,Sector 2,Europa,Sprite,2,9270
2025-11-25,Sector 2,Oceanía,Sprite,2,6290
2025-11-25,Sector 1,África,Cola Original,3,15380
2025-11-25,Sector 5,Asia,Cola Zero,2,9830
2025-11-25,Sector 3,Europa,Fanta,2,6680
2025-11-25,Sector 2,Oceanía,Cola Zero,1,5760
2025-11-25,Sector 4,Europa,Sprite,2,9090
2025-11-25,Sector 4,Europa,Cola Zero,3,14150
2025-11-25,Sector 2,África,Agua,5,11990
2025-11-26,Sector 4,América,Fanta,2,6500
2025-11-26,Sector 3,América,Cola Zero,1,4410
2025-11-26,Sector 3,África,Agua,4,9550
2025-11-26,Sector 1,Europa,Fanta,2,5670
2025-11-26,Sector 5,África,Agua,4,10480
2025-11-26,Sector 4,América,Cola Original,2,7590
2025-11-26,Sector 5,América,Cola Zero,1,6140
2025-11-26,Sector 5,África,Fanta,4,13690
2025-11-26,Sector 4,Europa,Cola Zero,2,11060
2025-11-26,Sector 5,Oceanía,Cola Original,1,6670
2025-11-27,Sector 3,Europa,Fanta,1,5100
2025-11-27,Sector 3,Asia,Fanta,2,7910
2025-11-27,Sector 4,Europa,Fanta,2,8250
2025-11-27,Sector 4,África,Agua,6,14630
2025-11-27,Sector 5,Oceanía,Cola Original,2,7770
2025-11-27,Sector 2,Oceanía,Cola Original,2,7630
2025-11-27,Sector 4,África,Cola Zero,4,17030
2025-11-27,Sector 2,América,Sprite,2,6140
2025-11-27,Sector 5,Europa,Cola Original,2,11100
2025-11-27,Sector 4,América,Fanta,2,5820
2025-11-27,Sector 4,África,Cola Original,5,22660
2025-11-27,Sector 5,América,Agua,2,5090
2025-11-27,Sector 3,Europa,Cola Zero,2,8520
2025-11-27,Sector 3,Asia,Fanta,2,7020
2025-11-27,Sector 3,Oceanía,Sprite,1,3940
2025-11-27,Sector 3,Europa,Fanta,1,4360
2025-11-28,Sector 3,América,Agua,1,2920
2025-11-28,Sector 3,Oceanía,Cola Original,1,4990
2025-11-28,Sector 5,América,Fanta,1,4270
2025-11-28,Sector 1,África,Fanta,3,11270
2025-11-28,Sector 4,América,Cola Zero,2,7910
2025-11-28,Sector 1,Europa,Fanta,2,7500
2025-11-28,Sector 3,América,Fanta,1,4380
2025-11-28,Sector 3,Europa,Cola Original,2,7850
2025-11-28,Sector 5,África,Sprite,3,12750
2025-11-28,Sector 1,Europa,Agua,2,4920
2025-12-01,Sector 1,África,Sprite,3,13040
2025-12-01,Sector 3,América,Agua,2,4080
2025-12-01,Sector 4,Europa,Sprite,3,12470
2025-12-01,Sector 1,Europa,Agua,2,4800
2025-12-01,Sector 2,Oceanía,Sprite,1,5060
2025-12-01,Sector 4,África,Sprite,5,20680
2025-12-01,Sector 2,África,Cola Zero,3,13980
2025-12-02,Sector 5,América,Fanta,2,5530
2025-12-02,Sector 4,Europa,Fanta,3,9780
2025-12-02,Sector 3,Europa,Agua,2,4580
2025-12-02,Sector 3,Asia,Agua,2,6150
2025-12-02,Sector 2,Oceanía,Cola Original,1,6400
2025-12-02,Sector 1,Europa,Fanta,2,7340
2025-12-02,Sector 1,África,Agua,4,9390
2025-12-02,Sector 1,América,Cola Zero,1,6820
2025-12-02,Sector 1,Asia,Cola Original,2,9660
2025-12-02,Sector 5,Europa,Sprite,2,6410
2025-12-03,Sector 3,África,Cola Original,2,9800
2025-12-03,Sector 3,América,Cola Zero,1,5150
2025-12-03,Sector 3,Europa,Cola Original,2,7680
2025-12-03,Sector 3,América,Sprite,1,4560
2025-12-03,Sector 5,Oceanía,Sprite,1,5630
2025-12-03,Sector 4,Europa,Cola Original,3,14060
2025-12-03,Sector 2,Europa,Agua,3,8480
2025-12-03,Sector 2,Europa,Cola Original,2,8790
2025-12-04,Sector 1,Asia,Cola Zero,2,11700
2025-12-04,Sector 4,Europa,Sprite,3,12430
2025-12-04,Sector 5,Asia,Agua,3,8970
2025-12-04,Sector 1,Asia,Cola Original,2,8330
2025-12-04,Sector 2,Europa,Cola Zero,2,8470
2025-12-04,Sector 4,África,Agua,6,16190
2025-12-04,Sector 2,Oceanía,Fanta,1,4530
2025-12-04,Sector 4,América,Cola Zero,2,8500
2025-12-04,Sector 4,Oceanía,Cola Zero,2,8600
2025-12-05,Sector 3,América,Cola Original,1,5180
2025-12-05,Sector 5,África,Cola Zero,3,16090
2025-12-05,Sector 4,Oceanía,Agua,3,6970
2025-12-05,Sector 5,América,Cola Original,2,7450
2025-12-05,Sector 3,Asia,Cola Zero,2,8330
2025-12-05,Sector 1,Asia,Cola Zero,2,8440
2025-12-05,Sector 5,África,Cola Original,3,14910
2025-12-05,Sector 2,África,Cola Zero,3,14410
2025-12-06,Sector 2,América,Cola Original,1,5930
2025-12-06,Sector 2,Europa,Fanta,2,7880
2025-12-06,Sector 3,Oceanía,Cola Zero,1,5720
2025-12-06,Sector 3,Asia,Cola Original,2,9290
2025-12-06,Sector 1,América,Sprite,1,4880
2025-12-06,Sector 2,África,Agua,4,9530
2025-12-06,Sector 1,América,Agua,1,3170
2025-12-07,Sector 2,Oceanía,Agua,2,5860
2025-12-07,Sector 4,América,Cola Original,2,9710
2025-12-07,Sector 4,África,Sprite,5,18580
2025-12-07,Sector 5,África,Cola Original,3,14920
2025-12-07,Sector 3,América,Cola Zero,1,6270
2025-12-07,Sector 4,América,Agua,3,7130
2025-12-07,Sector 1,Asia,Agua,2,6180
2025-12-07,Sector 1,Europa,Cola Original,1,6310
2025-12-07,Sector 4,Oceanía,Cola Original,2,7450
2025-12-07,Sector 2,Europa,Cola Original,2,8050
2025-12-08,Sector 2,Asia,Cola Zero,3,16050
2025-12-08,Sector 3,Asia,Cola Zero,2,7640
2025-12-08,Sector 3,América,Cola Original,1,4550
2025-12-08,Sector 5,Asia,Agua,3,6900
2025-12-08,Sector 4,América,Sprite,2,6070
2025-12-08,Sector 4,Asia,Cola Original,3,13510
2025-12-08,Sector 1,Asia,Sprite,2,6890
2025-12-08,Sector 4,África,Fanta,4,13610
2025-12-08,Sector 5,Oceanía,Fanta,2,5280
2025-12-08,Sector 4,Oceanía,Fanta,2,6460
2025-12-08,Sector 5,América,Cola Zero,2,7980
2025-12-08,Sector 3,Oceanía,Agua,1,3760
2025-12-08,Sector 1,Europa,Fanta,2,6310
2025-12-08,Sector 4,África,Cola Zero,4,18740
2025-12-08,Sector 1,África,Cola Original,2,10760
2025-12-08,Sector 1,Asia,Agua,3,7370
2025-12-08,Sector 2,África,Agua,5,14260
2025-12-09,Sector 1,Asia,Fanta,2,6180
2025-12-09,Sector 4,Asia,Sprite,3,12210
2025-12-09,Sector 5,África,Cola Zero,4,17670
2025-12-09,Sector 1,África,Sprite,2,9250
2025-12-10,Sector 5,Europa,Fanta,2,6890
2025-12-10,Sector 4,Oceanía,Fanta,2,7500
2025-12-10,Sector 2,Asia,Cola Original,3,12010
2025-12-10,Sector 1,Europa,Sprite,2,6870
2025-12-10,Sector 3,Asia,Cola Original,2,8780
2025-12-10,Sector 4,Asia,Sprite,4,14100
2025-12-10,Sector 1,África,Sprite,3,11940
2025-12-10,Sector 4,Asia,Agua,3,9090
2025-12-10,Sector 1,América,Cola Original,1,6420
2025-12-11,Sector 1,Europa,Agua,2,4740
2025-12-11,Sector 4,Oceanía,Cola Zero,2,10450
2025-12-11,Sector 3,África,Cola Zero,3,14310
2025-12-11,Sector 2,Europa,Agua,3,7040
2025-12-11,Sector 3,Europa,Sprite,1,5120
2025-12-11,Sector 1,América,Cola Original,1,6500
2025-12-11,Sector 2,Europa,Cola Zero,3,12060
2025-12-11,Sector 1,América,Fanta,1,4910
2025-12-11,Sector 3,África,Fanta,3,10640
2025-12-11,Sector 5,América,Cola Zero,1,5900
2025-12-11,Sector 1,Oceanía,Agua,2,4110
2025-12-12,Sector 4,Europa,Agua,4,9720
2025-12-12,Sector 2,Europa,Fanta,2,7530
2025-12-12,Sector 5,Asia,Fanta,2,8330
2025-12-13,Sector 5,Oceanía,Cola Original,1,5870
2025-12-13,Sector 5,Europa,Cola Zero,2,8930
2025-12-13,Sector 3,Oceanía,Cola Zero,1,5490
2025-12-13,Sector 3,África,Cola Zero,3,13850
2025-12-13,Sector 2,Europa,Cola Original,2,9810
2025-12-13,Sector 1,Europa,Cola Zero,2,7590
2025-12-13,Sector 2,África,Fanta,3,10510
2025-12-13,Sector 3,Europa,Cola Original,1,5740
2025-12-14,Sector 4,África,Cola Original,4,16620
2025-12-14,Sector 3,Oceanía,Fanta,1,4370
2025-12-14,Sector 4,Asia,Agua,4,11050
2025-12-14,Sector 1,América,Agua,2,4670
2025-12-14,Sector 3,Europa,Cola Zero,1,6840
2025-12-14,Sector 4,Europa,Sprite,3,12650
2025-12-15,Sector 5,Asia,Agua,4,9290
2025-12-15,Sector 1,América,Sprite,1,5030
2025-12-15,Sector 2,Oceanía,Agua,2,5380
2025-12-15,Sector 1,Europa,Cola Zero,1,6820
2025-12-15,Sector 5,África,Fanta,3,10060
2025-12-15,Sector 5,Asia,Fanta,2,7650
2025-12-15,Sector 3,Oceanía,Cola Zero,1,4810
2025-12-15,Sector 3,Oceanía,Agua,1,3740
2025-12-15,Sector 1,África,Cola Zero,2,10680
2025-12-16,Sector 4,África,Cola Original,5,22320
2025-12-16,Sector 3,Asia,Cola Zero,2,9670
2025-12-16,Sector 4,América,Fanta,2,7300
2025-12-16,Sector 1,África,Cola Original,3,11820
2025-12-16,Sector 4,Oceanía,Cola Original,2,10020
2025-12-17,Sector 4,Asia,Fanta,4,13940
2025-12-17,Sector 3,África,Agua,3,8640
2025-12-17,Sector 5,Oceanía,Fanta,2,6200
2025-12-17,Sector 4,Europa,Cola Zero,2,11470
2025-12-17,Sector 3,América,Agua,1,3560
2025-12-17,Sector 4,Asia,Cola Original,3,14170
2025-12-18,Sector 5,África,Sprite,3,10760
2025-12-18,Sector 5,América,Fanta,2,5770
2025-12-18,Sector 4,Europa,Cola Original,3,12620
2025-12-18,Sector 2,Oceanía,Agua,2,4740
2025-12-18,Sector 4,América,Agua,3,7380
2025-12-18,Sector 3,Asia,Cola Zero,2,10490
2025-12-18,Sector 5,América,Sprite,2,5900
2025-12-18,Sector 5,África,Fanta,3,12230
2025-12-18,Sector 5,Europa,Cola Zero,2,10510
2025-12-18,Sector 2,Europa,Fanta,3,8840
2025-12-18,Sector 5,Oceanía,Sprite,2,6390
2025-12-19,Sector 2,África,Cola Original,4,18460
2025-12-19,Sector 4,Oceanía,Agua,2,5800
2025-12-19,Sector 2,Asia,Cola Original,3,11940
2025-12-19,Sector 1,África,Sprite,3,13000
2025-12-19,Sector 3,Europa,Cola Original,2,7270
2025-12-19,Sector 3,Oceanía,Cola Zero,1,5450
2025-12-19,Sector 2,América,Fanta,2,5720
2025-12-19,Sector 4,África,Cola Original,4,18130
2025-12-19,Sector 1,América,Cola Original,1,4850
2025-12-19,Sector 2,América,Cola Original,2,7710
2025-12-19,Sector 3,Oceanía,Cola Original,1,4390
2025-12-19,Sector 5,América,Agua,1,3710
2025-12-19,Sector 2,Asia,Sprite,2,8980
2025-12-20,Sector 5,Oceanía,Fanta,1,4230
2025-12-20,Sector 1,Europa,Sprite,2,6550
2025-12-20,Sector 4,Europa,Cola Zero,3,13560
2025-12-20,Sector 2,África,Sprite,4,14040
2025-12-20,Sector 2,Asia,Cola Original,3,15010
2025-12-20,Sector 4,América,Cola Zero,2,11160
2025-12-20,Sector 5,África,Fanta,4,13350
2025-12-21,Sector 5,África,Fanta,3,9930
2025-12-21,Sector 3,Oceanía,Fanta,1,4140
2025-12-21,Sector 2,Asia,Fanta,2,8620
2025-12-21,Sector 5,América,Cola Zero,1,6740
2025-12-21,Sector 2,Oceanía,Agua,2,5250
2025-12-21,Sector 2,África,Cola Zero,4,18590
2025-12-21,Sector 5,Europa,Fanta,2,8100
2025-12-21,Sector 4,América,Agua,2,6220
2025-12-22,Sector 2,África,Fanta,4,14660
2025-12-22,Sector 1,Asia,Sprite,2,8400
2025-12-22,Sector 5,África,Cola Original,4,18710
2025-12-22,Sector 3,Europa,Agua,2,4710
2025-12-22,Sector 3,Europa,Agua,2,5290
2025-12-22,Sector 1,América,Agua,1,3180
2025-12-22,Sector 2,Europa,Agua,3,6940
2025-12-22,Sector 5,Asia,Agua,3,7530
2025-12-22,Sector 1,Europa,Fanta,2,7310
2025-12-23,Sector 4,América,Fanta,2,6220
2025-12-23,Sector 1,América,Agua,1,3860
2025-12-23,Sector 5,América,Cola Zero,1,5640
2025-12-23,Sector 1,América,Agua,2,4520
2025-12-23,Sector 3,Oceanía,Sprite,1,4840
2025-12-24,Sector 2,África,Sprite,4,16560
2025-12-24,Sector 2,América,Agua,2,4490
2025-12-24,Sector 1,Asia,Agua,3,7050
2025-12-24,Sector 1,Oceanía,Fanta,1,5110
2025-12-24,Sector 1,Oceanía,Agua,2,4320
2025-12-24,Sector 4,América,Agua,2,5030
2025-12-24,Sector 3,África,Cola Zero,2,11890
2025-12-24,Sector 5,Asia,Cola Zero,3,13050
2025-12-24,Sector 3,Oceanía,Sprite,1,3890
2025-12-24,Sector 1,Europa,Cola Zero,2,8010
2025-12-24,Sector 5,Oceanía,Cola Zero,1,5780
2025-12-24,Sector 4,Europa,Cola Original,2,10900
2025-12-24,Sector 1,Oceanía,Cola Zero,1,4470
2025-12-25,Sector 2,África,Cola Zero,4,21350
2025-12-25,Sector 3,América,Cola Zero,1,5590
2025-12-25,Sector 1,Oceanía,Cola Original,1,5030
2025-12-25,Sector 1,Oceanía,Cola Zero,1,4960
2025-12-25,Sector 5,Oceanía,Fanta,2,5660
2025-12-25,Sector 5,América,Cola Original,2,7540
2025-12-25,Sector 4,Europa,Fanta,3,12050
2025-12-25,Sector 5,Europa,Sprite,2,7000
2025-12-25,Sector 3,Oceanía,Cola Original,1,5360
2025-12-25,Sector 4,América,Cola Original,2,10200
2025-12-25,Sector 5,África,Cola Zero,3,14000
2025-12-25,Sector 2,Europa,Sprite,3,10100
2025-12-25,Sector 5,África,Cola Original,3,12350
2025-12-26,Sector 4,Oceanía,Cola Zero,2,7360
2025-12-26,Sector 5,Oceanía,Cola Zero,2,7680
2025-12-26,Sector 2,Asia,Agua,3,7990
2025-12-26,Sector 2,África,Cola Zero,4,20320
2025-12-26,Sector 2,África,Sprite,3,12070
2025-12-26,Sector 1,Europa,Agua,2,5380
2025-12-26,Sector 2,Oceanía,Cola Original,1,5860
2025-12-26,Sector 4,África,Cola Zero,5,26180
2025-12-27,Sector 1,Oceanía,Cola Original,1,5410
2025-12-27,Sector 3,Oceanía,Agua,1,3430
2025-12-27,Sector 2,Asia,Sprite,3,10230
2025-12-27,Sector 5,América,Cola Original,2,7460
2025-12-27,Sector 2,América,Fanta,2,5360
2025-12-27,Sector 1,África,Cola Original,3,14850
2025-12-28,Sector 3,Asia,Cola Zero,2,8380
2025-12-28,Sector 2,África,Sprite,3,11680
2025-12-28,Sector 3,Europa,Cola Original,2,8060
2025-12-28,Sector 2,Asia,Cola Zero,3,14410
2025-12-28,Sector 5,Asia,Cola Zero,2,11440
2025-12-28,Sector 4,Europa,Fanta,3,11550
2025-12-28,Sector 1,Europa,Cola Original,1,6440
2025-12-28,Sector 5,Oceanía,Agua,2,3920
2025-12-28,Sector 4,África,Fanta,5,17170
2025-12-28,Sector 2,Oceanía,Fanta,2,5320
2025-12-28,Sector 3,África,Cola Original,2,10550
2025-12-28,Sector 3,Europa,Fanta,2,6430
2025-12-28,Sector 5,América,Cola Original,1,5500
2025-12-28,Sector 4,América,Sprite,2,8270
2026-01-01,Sector 5,África,Cola Original,3,15480
2026-01-01,Sector 4,Europa,Cola Zero,3,12010
2026-01-01,Sector 5,Asia,Cola Zero,2,11710
2026-01-01,Sector 2,Europa,Fanta,2,6860
2026-01-01,Sector 4,Asia,Cola Zero,4,17600
2026-01-01,Sector 5,Europa,Agua,3,7930
2026-01-01,Sector 2,Asia,Sprite,2,9200
2026-01-01,Sector 5,Europa,Sprite,2,8970
2026-01-01,Sector 5,Europa,Cola Zero,2,9670
2026-01-01,Sector 5,Europa,Cola Zero,2,8360
2026-01-01,Sector 2,América,Cola Original,1,5730
2026-01-01,Sector 2,África,Cola Original,3,13920
2026-01-02,Sector 1,América,Agua,2,4040
2026-01-02,Sector 1,Europa,Cola Original,2,7970
2026-01-02,Sector 1,África,Cola Original,3,15130
2026-01-02,Sector 3,África,Sprite,3,11250
2026-01-02,Sector 1,Asia,Cola Original,2,9920
2026-01-03,Sector 4,Oceanía,Fanta,2,8210
2026-01-03,Sector 4,Europa,Sprite,3,11020
2026-01-03,Sector 4,Asia,Fanta,4,14760
2026-01-03,Sector 3,Asia,Cola Original,2,7080
2026-01-03,Sector 3,América,Cola Original,1,5630
2026-01-03,Sector 3,Asia,Fanta,2,6410
2026-01-03,Sector 3,Europa,Cola Original,1,5930
2026-01-03,Sector 2,Europa,Agua,3,6620
2026-01-04,Sector 5,África,Sprite,3,12080
2026-01-04,Sector 3,África,Cola Original,3,13940
2026-01-04,Sector 1,Europa,Sprite,2,6740
2026-01-04,Sector 4,Oceanía,Cola Zero,2,9910
2026-01-04,Sector 5,África,Agua,4,10130
2026-01-04,Sector 5,Oceanía,Cola Original,2,6950
2026-01-04,Sector 4,África,Cola Zero,5,22970
2026-01-04,Sector 5,Europa,Cola Original,2,10890
2026-01-04,Sector 3,Europa,Agua,2,4490
2026-01-04,Sector 4,Europa,Agua,3,7290
2026-01-04,Sector 4,Asia,Cola Zero,4,18990
2026-01-04,Sector 3,Europa,Sprite,2,5930
2026-01-04,Sector 1,América,Agua,1,3850
2026-01-04,Sector 1,Oceanía,Cola Zero,1,4750
2026-01-04,Sector 1,Europa,Agua,2,5400
2026-01-04,Sector 4,Asia,Cola Original,3,14460
2026-01-04,Sector 4,América,Sprite,2,5900
2026-01-04,Sector 3,Asia,Agua,3,7370
2026-01-04,Sector 5,América,Sprite,2,6080
2026-01-05,Sector 3,Europa,Fanta,2,6740
2026-01-05,Sector 2,Europa,Cola Original,2,9540
2026-01-05,Sector 4,Asia,Fanta,4,14440
2026-01-05,Sector 4,Europa,Agua,3,6980
2026-01-05,Sector 3,América,Agua,2,4020
2026-01-05,Sector 4,América,Cola Original,2,7750
2026-01-05,Sector 1,África,Fanta,2,8660
2026-01-05,Sector 2,Asia,Agua,3,8480
2026-01-05,Sector 4,Asia,Cola Original,4,15760
2026-01-05,Sector 3,Europa,Fanta,2,6250
2026-01-05,Sector 2,Asia,Agua,3,6940
2026-01-05,Sector 4,Europa,Sprite,3,12600
2026-01-05,Sector 3,América,Cola Original,1,4150
2026-01-06,Sector 1,Oceanía,Cola Original,1,5710
2026-01-06,Sector 3,Oceanía,Agua,1,3250
2026-01-06,Sector 5,Europa,Sprite,2,6720
2026-01-06,Sector 2,África,Fanta,3,11150
2026-01-06,Sector 2,América,Sprite,1,4980
2026-01-06,Sector 3,América,Cola Zero,1,5380
2026-01-06,Sector 3,Asia,Sprite,2,7280
2026-01-06,Sector 3,Oceanía,Cola Original,1,4570
2026-01-06,Sector 3,Europa,Cola Original,2,7730
2026-01-07,Sector 4,Oceanía,Fanta,2,5650
2026-01-07,Sector 5,Europa,Cola Original,2,8280
2026-01-07,Sector 1,Oceanía,Cola Original,1,4930
2026-01-07,Sector 2,África,Cola Zero,3,15330
2026-01-07,Sector 3,América,Fanta,1,4080
2026-01-07,Sector 4,Oceanía,Agua,3,6690
2026-01-07,Sector 2,África,Cola Original,4,15870
2026-01-07,Sector 5,América,Cola Zero,2,8200
2026-01-07,Sector 4,Oceanía,Sprite,2,7250
2026-01-07,Sector 1,África,Agua,4,9510
2026-01-07,Sector 4,África,Sprite,4,15390
2026-01-08,Sector 3,Europa,Cola Zero,1,6420
2026-01-08,Sector 3,Oceanía,Sprite,1,4180
2026-01-08,Sector 2,Asia,Agua,3,9070
2026-01-08,Sector 2,América,Cola Zero,2,8350
2026-01-08,Sector 2,África,Sprite,4,13620
2026-01-08,Sector 1,América,Sprite,1,4660
2026-01-08,Sector 3,Europa,Fanta,2,6120
2026-01-08,Sector 3,África,Fanta,3,9360
2026-01-08,Sector 1,Europa,Cola Original,2,8160
2026-01-08,Sector 1,Europa,Fanta,2,5600
2026-01-09,Sector 5,África,Fanta,3,11800
2026-01-09,Sector 4,Oceanía,Fanta,2,5510
2026-01-09,Sector 3,Asia,Fanta,2,5670
2026-01-09,Sector 4,África,Sprite,5,18150
2026-01-09,Sector 4,África,Cola Zero,4,17200
2026-01-09,Sector 3,África,Sprite,3,11220
2026-01-09,Sector 1,América,Fanta,1,4780
2026-01-10,Sector 5,América,Cola Zero,1,6680
2026-01-10,Sector 4,América,Agua,2,5130
2026-01-10,Sector 5,Oceanía,Fanta,1,3990
2026-01-10,Sector 3,Asia,Cola Zero,2,10480
2026-01-10,Sector 2,Europa,Fanta,3,9010
2026-01-10,Sector 4,América,Sprite,2,8860
2026-01-10,Sector 2,Oceanía,Cola Zero,2,8650
2026-01-10,Sector 2,África,Cola Zero,4,20840
2026-01-10,Sector 3,África,Fanta,3,9770
2026-01-10,Sector 3,Europa,Sprite,2,7220
2026-01-10,Sector 3,Oceanía,Cola Original,1,4820
2026-01-10,Sector 4,América,Cola Original,2,7870
2026-01-11,Sector 5,Asia,Cola Original,3,12570
2026-01-11,Sector 4,América,Cola Original,2,7650
2026-01-11,Sector 2,Asia,Cola Original,3,14960
2026-01-11,Sector 4,América,Cola Original,2,9830
2026-01-11,Sector 5,Asia,Cola Zero,2,11390
2026-01-11,Sector 4,América,Fanta,2,8420
2026-01-11,Sector 4,Oceanía,Cola Zero,2,9220
2026-01-11,Sector 1,Asia,Cola Zero,2,9960
2026-01-11,Sector 1,Europa,Fanta,2,6160
2026-01-11,Sector 2,África,Cola Zero,3,14520
2026-01-11,Sector 1,América,Sprite,1,4680
2026-01-11,Sector 4,Asia,Cola Zero,3,16120
2026-01-12,Sector 3,Europa,Agua,2,4400
2026-01-12,Sector 2,Oceanía,Cola Original,1,5430
2026-01-12,Sector 2,América,Fanta,1,5080
2026-01-12,Sector 3,América,Agua,1,2950
2026-01-12,Sector 3,Oceanía,Cola Original,1,4740
2026-01-13,Sector 2,América,Cola Zero,2,7940
2026-01-13,Sector 2,Oceanía,Cola Original,1,5640
2026-01-13,Sector 4,Europa,Agua,4,9130
2026-01-13,Sector 3,Asia,Fanta,2,7950
2026-01-13,Sector 4,América,Cola Zero,2,8430
2026-01-13,Sector 5,Europa,Cola Original,2,9870
2026-01-13,Sector 5,Oceanía,Sprite,1,4390
2026-01-13,Sector 1,África,Sprite,3,10870
2026-01-13,Sector 5,Europa,Cola Zero,2,9340
2026-01-13,Sector 3,Asia,Cola Original,2,9690
2026-01-13,Sector 1,América,Cola Original,1,5350
2026-01-13,Sector 5,Asia,Cola Original,3,12260
2026-01-13,Sector 2,Asia,Sprite,3,11930
2026-01-13,Sector 2,Europa,Cola Original,3,11840
2026-01-13,Sector 4,Asia,Sprite,3,11560
2026-01-14,Sector 1,América,Cola Original,1,4720
2026-01-14,Sector 1,América,Cola Original,1,6300
2026-01-14,Sector 1,Europa,Fanta,2,7190
2026-01-15,Sector 1,Europa,Fanta,2,7080
2026-01-15,Sector 4,Europa,Agua,3,8590
2026-01-15,Sector 1,Oceanía,Sprite,1,4360
2026-01-15,Sector 1,África,Fanta,3,11180
2026-01-15,Sector 3,África,Fanta,2,7740
2026-01-15,Sector 1,Europa,Fanta,2,6620
2026-01-15,Sector 3,Europa,Cola Original,1,5630
2026-01-15,Sector 2,Oceanía,Fanta,2,5430
2026-01-15,Sector 3,Oceanía,Fanta,1,3760
2026-01-16,Sector 1,África,Cola Original,3,11870
2026-01-16,Sector 5,Europa,Sprite,2,8780
2026-01-16,Sector 4,Asia,Fanta,3,11240
2026-01-16,Sector 1,América,Cola Zero,1,4760
2026-01-16,Sector 2,Asia,Cola Original,3,11680
2026-01-16,Sector 4,América,Agua,2,6300
2026-01-16,Sector 2,Asia,Cola Zero,3,15460
2026-01-16,Sector 4,África,Cola Original,5,21350
2026-01-16,Sector 2,Asia,Fanta,3,12170
2026-01-16,Sector 4,Oceanía,Sprite,2,6430
2026-01-17,Sector 3,Oceanía,Agua,1,3270
2026-01-17,Sector 2,África,Sprite,3,13180
2026-01-17,Sector 5,África,Sprite,4,14590
2026-01-17,Sector 2,América,Agua,2,4920
2026-01-17,Sector 4,Oceanía,Agua,3,6980
2026-01-17,Sector 2,África,Sprite,4,15750
2026-01-17,Sector 2,África,Cola Zero,4,21360
2026-01-17,Sector 3,Oceanía,Cola Original,1,4780
2026-01-17,Sector 2,Europa,Fanta,3,9420
2026-01-18,Sector 3,Asia,Agua,2,6040
2026-01-18,Sector 3,Asia,Fanta,2,6800
2026-01-18,Sector 2,África,Fanta,3,11380
2026-01-18,Sector 2,América,Agua,2,5500
2026-01-18,Sector 5,Asia,Cola Original,2,9310
2026-01-18,Sector 5,Europa,Agua,3,6760
2026-01-18,Sector 1,África,Cola Zero,3,13170
2026-01-18,Sector 5,Asia,Fanta,3,9560
2026-01-18,Sector 2,África,Sprite,5,17440
2026-01-18,Sector 3,África,Agua,4,9140
2026-01-19,Sector 2,Asia,Cola Original,3,11310
2026-01-19,Sector 3,América,Cola Zero,1,4410
2026-01-19,Sector 5,América,Cola Zero,2,7550
2026-01-19,Sector 3,Asia,Agua,2,6480
2026-01-19,Sector 2,Europa,Sprite,2,8120
2026-01-19,Sector 1,Oceanía,Sprite,1,5170
2026-01-19,Sector 3,Europa,Cola Original,2,8020
2026-01-20,Sector 1,Oceanía,Cola Original,1,5750
2026-01-20,Sector 2,América,Sprite,2,6270
2026-01-20,Sector 2,Asia,Agua,3,7310
2026-01-20,Sector 1,Oceanía,Cola Original,1,5500
2026-01-20,Sector 5,América,Fanta,1,4090
2026-01-20,Sector 3,América,Sprite,1,4730
2026-01-20,Sector 4,América,Fanta,2,6740
2026-01-21,Sector 3,África,Cola Original,2,10030
2026-01-21,Sector 1,Europa,Cola Zero,2,9020
2026-01-21,Sector 4,Europa,Sprite,3,11760
2026-01-21,Sector 1,África,Cola Zero,3,16470
2026-01-21,Sector 3,América,Cola Original,1,5820
2026-01-21,Sector 3,América,Fanta,1,3110
2026-01-21,Sector 4,Oceanía,Cola Zero,2,9220
2026-01-21,Sector 1,África,Agua,3,8280
2026-01-21,Sector 4,Asia,Cola Zero,3,14960
2026-01-21,Sector 5,América,Agua,2,4690
2026-01-22,Sector 3,Europa,Fanta,2,6230
2026-01-22,Sector 5,Oceanía,Cola Zero,1,6630
2026-01-22,Sector 2,Oceanía,Cola Original,1,6340
2026-01-22,Sector 2,Asia,Cola Zero,3,12110
2026-01-22,Sector 1,América,Fanta,1,4640
2026-01-22,Sector 1,Oceanía,Cola Zero,1,4770
2026-01-23,Sector 3,Asia,Fanta,2,6830
2026-01-23,Sector 5,África,Sprite,4,15480
2026-01-23,Sector 4,Oceanía,Cola Original,2,10330
2026-01-23,Sector 5,Europa,Agua,2,5420
2026-01-23,Sector 2,África,Agua,5,11750
2026-01-23,Sector 5,Asia,Sprite,2,7930
2026-01-23,Sector 4,África,Sprite,6,21060
2026-01-24,Sector 1,África,Agua,3,8090
2026-01-24,Sector 3,Asia,Agua,2,5900
2026-01-25,Sector 4,América,Cola Zero,2,8210
2026-01-25,Sector 2,América,Fanta,2,5540
2026-01-25,Sector 2,América,Sprite,1,5400
2026-01-25,Sector 3,Europa,Cola Original,1,6590
2026-01-25,Sector 4,África,Fanta,4,15630
2026-01-25,Sector 1,América,Cola Zero,1,6330
2026-01-25,Sector 3,Oceanía,Fanta,1,4570
2026-01-26,Sector 5,Oceanía,Sprite,2,6280
2026-01-26,Sector 3,América,Fanta,1,3410
2026-01-26,Sector 5,Europa,Cola Original,2,8430
2026-01-26,Sector 1,Oceanía,Sprite,1,5410
2026-01-26,Sector 5,Asia,Agua,4,9260
2026-01-27,Sector 4,Europa,Cola Original,3,12840
2026-01-27,Sector 2,Asia,Sprite,2,9110
2026-01-27,Sector 5,Asia,Cola Zero,2,9790
2026-01-27,Sector 5,Europa,Cola Zero,2,8890
2026-01-28,Sector 3,Europa,Fanta,2,6260
2026-01-28,Sector 1,Asia,Sprite,2,7660
2026-01-28,Sector 2,Asia,Cola Zero,3,12350
2026-01-28,Sector 1,Oceanía,Cola Zero,1,6530
2026-01-28,Sector 4,América,Cola Original,2,8410
2026-01-28,Sector 2,Oceanía,Agua,2,4670
2026-01-28,Sector 3,Asia,Cola Original,2,10650
2026-02-01,Sector 4,Europa,Fanta,3,8900
2026-02-01,Sector 1,América,Sprite,1,4780
2026-02-01,Sector 3,África,Sprite,2,8850
2026-02-01,Sector 1,Europa,Agua,2,4500
2026-02-01,Sector 3,América,Cola Zero,1,6120
2026-02-01,Sector 4,América,Cola Zero,2,10760
2026-02-01,Sector 4,Asia,Sprite,4,16080
2026-02-01,Sector 4,América,Sprite,2,5920
2026-02-01,Sector 4,África,Fanta,5,16120
2026-02-01,Sector 5,Asia,Cola Zero,2,11300
2026-02-01,Sector 1,Asia,Cola Zero,2,11010
2026-02-01,Sector 1,Asia,Fanta,3,8890
2026-02-02,Sector 1,América,Sprite,1,4760
2026-02-02,Sector 1,Europa,Fanta,2,5400
2026-02-02,Sector 1,América,Agua,1,3250
2026-02-02,Sector 5,América,Agua,1,3820
2026-02-02,Sector 1,Oceanía,Fanta,1,5120
2026-02-02,Sector 1,Asia,Cola Zero,2,8450
2026-02-02,Sector 3,Europa,Agua,2,5910
2026-02-03,Sector 5,Europa,Agua,3,7760
2026-02-03,Sector 5,América,Cola Original,1,6450
2026-02-03,Sector 1,África,Fanta,2,8710
2026-02-03,Sector 2,África,Fanta,4,15380
2026-02-03,Sector 3,Oceanía,Cola Zero,1,4070
2026-02-03,Sector 4,África,Fanta,5,18300
2026-02-03,Sector 3,Asia,Fanta,2,5990
2026-02-03,Sector 3,América,Sprite,1,3650
2026-02-03,Sector 5,Asia,Fanta,3,10840
2026-02-04,Sector 2,Europa,Cola Original,2,11050
2026-02-04,Sector 4,Oceanía,Agua,2,4700
2026-02-04,Sector 5,Europa,Cola Zero,2,11480
2026-02-04,Sector 4,Oceanía,Fanta,2,7730
2026-02-04,Sector 1,Asia,Cola Original,2,8430
2026-02-04,Sector 1,África,Cola Original,2,11190
2026-02-04,Sector 5,América,Sprite,1,4600
2026-02-04,Sector 5,África,Cola Original,3,14710
2026-02-04,Sector 2,Europa,Agua,2,6470
2026-02-05,Sector 1,Asia,Cola Original,2,8510
2026-02-05,Sector 5,Europa,Cola Zero,2,9780
2026-02-05,Sector 5,Oceanía,Fanta,1,4380
2026-02-05,Sector 1,África,Agua,3,8100
2026-02-05,Sector 1,Asia,Fanta,2,7650
2026-02-05,Sector 3,Asia,Fanta,2,8390
2026-02-05,Sector 1,Oceanía,Cola Zero,1,5720
2026-02-05,Sector 5,América,Sprite,1,5470
2026-02-05,Sector 1,Asia,Sprite,2,6750
2026-02-05,Sector 2,América,Agua,2,4580
2026-02-06,Sector 3,África,Sprite,3,10200
2026-02-06,Sector 5,Europa,Cola Zero,2,11780
2026-02-06,Sector 4,América,Sprite,2,6240
2026-02-06,Sector 5,África,Agua,5,13320
2026-02-06,Sector 3,Oceanía,Cola Original,1,3980
2026-02-06,Sector 1,Oceanía,Sprite,1,5460
2026-02-06,Sector 2,Oceanía,Fanta,2,5550
2026-02-07,Sector 2,África,Cola Original,3,15330
2026-02-07,Sector 5,Asia,Fanta,3,10550
2026-02-07,Sector 2,América,Cola Original,2,8150
2026-02-07,Sector 4,África,Sprite,6,21700
2026-02-07,Sector 4,Europa,Sprite,3,12690
2026-02-07,Sector 2,África,Cola Zero,4,19290
2026-02-07,Sector 4,América,Cola Zero,2,9030
2026-02-08,Sector 1,América,Cola Original,1,5560
2026-02-08,Sector 3,América,Sprite,1,3280
2026-02-08,Sector 4,América,Sprite,2,8120
2026-02-08,Sector 1,Oceanía,Fanta,1,4460
2026-02-08,Sector 3,Asia,Fanta,2,5880
2026-02-08,Sector 1,Oceanía,Cola Original,1,5610
2026-02-08,Sector 2,Asia,Sprite,3,9800
2026-02-08,Sector 4,Asia,Fanta,3,10390
2026-02-08,Sector 5,África,Agua,5,12140
2026-02-08,Sector 2,África,Cola Original,5,20970
2026-02-08,Sector 2,África,Sprite,3,12830
2026-02-08,Sector 2,África,Sprite,3,11540
2026-02-09,Sector 3,Oceanía,Fanta,1,3450
2026-02-09,Sector 4,África,Sprite,5,20140
2026-02-09,Sector 2,Europa,Fanta,2,8290
2026-02-09,Sector 4,Europa,Sprite,3,12100
2026-02-09,Sector 5,América,Fanta,1,4790
2026-02-09,Sector 1,Europa,Fanta,2,6410
2026-02-09,Sector 1,América,Cola Zero,1,6060
2026-02-09,Sector 1,África,Sprite,3,11670
2026-02-09,Sector 1,África,Sprite,3,12080
2026-02-09,Sector 3,Europa,Sprite,2,6540
2026-02-09,Sector 5,África,Cola Zero,4,20180
2026-02-09,Sector 5,Europa,Agua,3,7550
2026-02-10,Sector 3,Oceanía,Agua,1,3100
2026-02-10,Sector 4,Asia,Fanta,3,9780
2026-02-10,Sector 2,Oceanía,Cola Zero,2,7480
2026-02-10,Sector 2,Asia,Fanta,2,8040
2026-02-10,Sector 5,África,Cola Original,3,13900
2026-02-11,Sector 5,América,Sprite,1,4480
2026-02-11,Sector 4,Oceanía,Cola Original,2,8770
2026-02-11,Sector 4,Oceanía,Cola Zero,2,10720
2026-02-11,Sector 3,Europa,Cola Original,2,8500
2026-02-11,Sector 2,Oceanía,Cola Original,1,6280
2026-02-11,Sector 1,Europa,Sprite,2,7470
2026-02-11,Sector 2,América,Cola Zero,1,6190
2026-02-11,Sector 3,Europa,Sprite,1,5360
2026-02-11,Sector 1,Oceanía,Cola Zero,1,5540
2026-02-11,Sector 4,Europa,Agua,3,8500
2026-02-12,Sector 4,Asia,Fanta,4,13210
2026-02-12,Sector 4,Europa,Fanta,3,10160
2026-02-12,Sector 5,Asia,Agua,3,8490
2026-02-12,Sector 1,Europa,Cola Zero,2,7810
2026-02-12,Sector 2,África,Agua,5,13290
2026-02-12,Sector 3,Europa,Sprite,2,5770
2026-02-12,Sector 2,África,Fanta,4,14520
2026-02-12,Sector 2,Oceanía,Cola Original,2,7810
2026-02-12,Sector 5,Europa,Agua,2,6460
2026-02-12,Sector 1,Asia,Cola Original,2,8920
2026-02-12,Sector 3,Asia,Cola Original,2,7980
2026-02-13,Sector 1,Europa,Fanta,1,5140
2026-02-13,Sector 1,Asia,Cola Original,2,8090
2026-02-13,Sector 4,Oceanía,Cola Original,2,10120
2026-02-13,Sector 5,África,Fanta,4,13810
2026-02-13,Sector 5,Europa,Cola Original,2,9310
2026-02-13,Sector 1,Oceanía,Sprite,1,4510
2026-02-13,Sector 5,Europa,Fanta,2,7950
2026-02-13,Sector 2,África,Cola Zero,5,21940
2026-02-13,Sector 4,Oceanía,Cola Zero,2,10480
2026-02-13,Sector 1,América,Cola Original,1,5260
2026-02-14,Sector 4,África,Cola Zero,4,19450
2026-02-14,Sector 3,Europa,Cola Zero,1,6640
2026-02-14,Sector 3,África,Fanta,3,11380
2026-02-14,Sector 5,África,Cola Zero,4,17240
2026-02-14,Sector 5,Europa,Sprite,2,7410
2026-02-14,Sector 2,Europa,Cola Zero,2,8700
2026-02-14,Sector 1,Oceanía,Agua,2,4430
2026-02-15,Sector 2,África,Cola Original,4,17740
2026-02-15,Sector 4,Asia,Sprite,4,14540
2026-02-15,Sector 2,Europa,Sprite,2,7730
2026-02-15,Sector 5,Europa,Sprite,2,7120
2026-02-15,Sector 1,América,Sprite,1,5440
2026-02-15,Sector 1,Europa,Agua,2,5550
2026-02-15,Sector 1,Europa,Cola Zero,2,9860
2026-02-15,Sector 5,Asia,Agua,3,6640
2026-02-15,Sector 5,América,Agua,2,4300
2026-02-15,Sector 5,África,Fanta,3,9970
2026-02-16,Sector 2,Oceanía,Cola Zero,1,5700
2026-02-16,Sector 3,Oceanía,Sprite,1,3800
2026-02-16,Sector 1,Oceanía,Agua,2,4460
2026-02-16,Sector 5,Asia,Fanta,3,9030
2026-02-16,Sector 1,América,Cola Zero,1,6450
2026-02-16,Sector 5,Oceanía,Cola Original,2,6770
2026-02-16,Sector 2,América,Cola Zero,2,8320
2026-02-16,Sector 5,Europa,Fanta,2,8160
2026-02-16,Sector 3,América,Sprite,1,3770
2026-02-17,Sector 3,Oceanía,Sprite,1,4170
2026-02-17,Sector 3,África,Fanta,2,8720
2026-02-17,Sector 4,Oceanía,Cola Zero,1,7160
2026-02-17,Sector 5,América,Cola Zero,1,5690
2026-02-17,Sector 2,Europa,Cola Zero,2,10530
2026-02-17,Sector 2,Oceanía,Agua,2,5590
2026-02-17,Sector 5,Oceanía,Cola Original,2,7100
2026-02-17,Sector 3,Asia,Agua,3,6930
2026-02-17,Sector 3,América,Agua,1,2700
2026-02-17,Sector 5,Asia,Agua,3,7550
2026-02-18,Sector 1,Asia,Cola Original,2,9220
2026-02-18,Sector 4,América,Sprite,2,8640
2026-02-18,Sector 1,Europa,Fanta,2,5470
2026-02-18,Sector 2,América,Sprite,2,6790
2026-02-18,Sector 1,América,Cola Original,1,5650
2026-02-18,Sector 3,Europa,Agua,2,4380
2026-02-18,Sector 4,Asia,Sprite,3,12120
2026-02-18,Sector 1,Asia,Agua,2,6300
2026-02-18,Sector 3,América,Cola Zero,1,4400
2026-02-19,Sector 5,América,Fanta,1,4480
2026-02-19,Sector 4,Asia,Cola Zero,4,17490
2026-02-19,Sector 2,Europa,Fanta,2,7310
2026-02-19,Sector 5,Europa,Cola Zero,2,7770
2026-02-19,Sector 1,Oceanía,Agua,1,3780
2026-02-19,Sector 4,África,Cola Original,5,20330
2026-02-19,Sector 2,Asia,Sprite,3,10190
2026-02-19,Sector 5,Asia,Cola Original,2,10500
2026-02-19,Sector 2,América,Cola Original,1,6560
2026-02-19,Sector 5,Asia,Cola Zero,3,13170
2026-02-19,Sector 1,África,Agua,4,10900
2026-02-20,Sector 3,Europa,Agua,2,5040
2026-02-20,Sector 3,Asia,Fanta,2,7030
2026-02-20,Sector 1,Asia,Sprite,2,9430
2026-02-20,Sector 3,Asia,Sprite,2,8880
2026-02-20,Sector 1,Europa,Cola Zero,2,7540
2026-02-20,Sector 4,África,Cola Original,4,19960
2026-02-20,Sector 1,Asia,Fanta,2,6270
2026-02-20,Sector 1,Oceanía,Fanta,1,3940
2026-02-20,Sector 4,América,Cola Original,2,8230
2026-02-21,Sector 3,América,Cola Original,1,4700
2026-02-21,Sector 4,América,Cola Zero,2,7750
2026-02-21,Sector 2,Asia,Fanta,3,8770
2026-02-21,Sector 2,Asia,Sprite,3,11020
2026-02-21,Sector 2,Asia,Cola Original,3,13340
2026-02-21,Sector 5,América,Cola Original,1,5950
2026-02-21,Sector 4,América,Agua,2,5120
2026-02-21,Sector 3,América,Cola Zero,1,5040
2026-02-21,Sector 5,América,Cola Zero,1,6360
2026-02-21,Sector 1,Europa,Agua,2,5310
2026-02-21,Sector 3,Europa,Sprite,2,6270
2026-02-22,Sector 2,Europa,Agua,3,7630
2026-02-22,Sector 4,África,Cola Original,4,19480
2026-02-22,Sector 3,África,Agua,4,9800
2026-02-22,Sector 3,Asia,Agua,3,6870
2026-02-22,Sector 2,África,Cola Zero,4,17920
2026-02-22,Sector 3,Oceanía,Cola Zero,1,5190
2026-02-22,Sector 1,África,Fanta,3,11790
2026-02-22,Sector 2,Asia,Agua,3,8170
2026-02-22,Sector 5,Oceanía,Fanta,1,4230
2026-02-22,Sector 1,Asia,Sprite,2,6530
2026-02-22,Sector 2,Oceanía,Fanta,1,4540
2026-02-22,Sector 5,África,Agua,5,13120
2026-02-22,Sector 2,América,Cola Original,2,7320
2026-02-22,Sector 2,África,Agua,6,14570
2026-02-23,Sector 2,Europa,Fanta,2,8150
2026-02-23,Sector 5,Asia,Agua,3,7220
2026-02-23,Sector 4,Oceanía,Cola Zero,2,8650
2026-02-23,Sector 2,Europa,Cola Zero,3,12070
2026-02-23,Sector 2,Asia,Sprite,3,11450
2026-02-23,Sector 2,Europa,Fanta,2,8080
2026-02-24,Sector 1,Europa,Cola Zero,2,9830
2026-02-24,Sector 1,América,Agua,1,3120
2026-02-24,Sector 1,África,Fanta,3,10560
2026-02-24,Sector 3,Oceanía,Sprite,1,3780
2026-02-24,Sector 2,África,Sprite,4,16780
2026-02-24,Sector 4,Asia,Cola Original,4,16830
2026-02-24,Sector 1,África,Sprite,3,10590
2026-02-24,Sector 5,África,Cola Zero,4,18720
2026-02-24,Sector 2,América,Cola Zero,1,7190
2026-02-25,Sector 1,Oceanía,Fanta,1,3720
2026-02-25,Sector 4,Oceanía,Agua,2,5690
2026-02-25,Sector 5,Oceanía,Cola Zero,1,6720
2026-02-25,Sector 3,Oceanía,Agua,1,3790
2026-02-25,Sector 5,Asia,Cola Original,2,9910
2026-02-26,Sector 4,Oceanía,Sprite,2,7820
2026-02-26,Sector 5,Europa,Cola Zero,2,8770
2026-02-26,Sector 1,Oceanía,Cola Zero,1,5420
2026-02-26,Sector 1,Asia,Sprite,2,8490
2026-02-26,Sector 2,Asia,Cola Zero,3,15800
2026-02-26,Sector 4,Europa,Agua,3,7300
2026-02-26,Sector 5,América,Cola Original,1,6010
2026-02-26,Sector 3,África,Fanta,2,7600
2026-02-26,Sector 3,Europa,Cola Original,2,7200
2026-02-26,Sector 4,América,Sprite,2,6430
2026-02-26,Sector 3,Asia,Cola Zero,2,9690
2026-02-26,Sector 4,Europa,Cola Zero,3,12400
2026-02-26,Sector 4,Asia,Sprite,4,13550
2026-02-26,Sector 3,Oceanía,Cola Zero,1,6040
2026-02-26,Sector 2,Asia,Cola Original,2,10580
2026-02-27,Sector 2,Europa,Cola Zero,2,10030
2026-02-27,Sector 4,África,Cola Original,5,21890
2026-02-27,Sector 2,África,Fanta,4,13820
2026-02-27,Sector 3,Europa,Sprite,2,6230
2026-02-27,Sector 4,África,Fanta,6,19670
2026-02-28,Sector 4,África,Cola Zero,4,17660
2026-02-28,Sector 5,América,Cola Zero,1,6930
2026-02-28,Sector 4,Asia,Fanta,3,10150
2026-02-28,Sector 4,América,Sprite,2,6060
2026-02-28,Sector 5,Asia,Cola Zero,2,11640
2026-02-28,Sector 3,Europa,Cola Zero,2,7240
2026-02-28,Sector 3,Oceanía,Agua,2,4050
2026-02-28,Sector 5,Oceanía,Agua,1,3770
2026-02-28,Sector 2,Oceanía,Sprite,2,6080
2026-03-01,Sector 4,América,Sprite,1,5680
2026-03-01,Sector 1,Europa,Fanta,1,5170
2026-03-01,Sector 2,África,Cola Zero,4,17720
2026-03-01,Sector 1,Asia,Agua,2,6020
2026-03-01,Sector 3,Europa,Fanta,2,6560
2026-03-01,Sector 5,Oceanía,Sprite,2,5790
2026-03-01,Sector 2,Europa,Cola Original,2,8270
2026-03-01,Sector 3,Europa,Sprite,2,7200
2026-03-01,Sector 4,África,Cola Original,4,16810
2026-03-02,Sector 3,Oceanía,Sprite,1,4640
2026-03-02,Sector 2,África,Fanta,4,15560
2026-03-02,Sector 1,Europa,Agua,2,4460
2026-03-02,Sector 3,América,Fanta,1,4110
2026-03-02,Sector 2,Asia,Sprite,2,8700
2026-03-02,Sector 2,Asia,Agua,4,9360
2026-03-02,Sector 3,Oceanía,Agua,1,3220
2026-03-02,Sector 4,África,Cola Zero,4,17760
2026-03-02,Sector 3,África,Fanta,2,7900
2026-03-02,Sector 2,África,Agua,5,13520
2026-03-02,Sector 2,África,Cola Zero,4,18100
2026-03-03,Sector 3,Asia,Agua,2,5160
2026-03-03,Sector 5,Asia,Agua,3,8880
2026-03-03,Sector 4,Asia,Cola Zero,3,16120
2026-03-03,Sector 4,Europa,Cola Zero,3,12150
2026-03-03,Sector 3,Asia,Fanta,2,6470
2026-03-03,Sector 4,Europa,Sprite,3,10730
2026-03-03,Sector 1,Europa,Sprite,2,6540
2026-03-03,Sector 2,Europa,Fanta,2,8210
2026-03-04,Sector 2,Europa,Sprite,2,9480
2026-03-04,Sector 1,Europa,Cola Original,2,8850
2026-03-04,Sector 5,Oceanía,Cola Original,2,7090
2026-03-04,Sector 1,América,Cola Original,1,5830
2026-03-04,Sector 4,Europa,Cola Zero,3,13770
2026-03-04,Sector 5,Oceanía,Cola Zero,1,5960
2026-03-05,Sector 5,Asia,Sprite,3,9950
2026-03-05,Sector 3,América,Cola Original,1,4470
2026-03-05,Sector 5,África,Cola Zero,4,20160
2026-03-05,Sector 1,Europa,Fanta,2,6820
2026-03-05,Sector 2,Europa,Sprite,3,9860
2026-03-05,Sector 1,Oceanía,Agua,1,3300
2026-03-05,Sector 5,Europa,Agua,3,7440
2026-03-05,Sector 2,África,Agua,4,11580
2026-03-05,Sector 5,América,Cola Zero,2,7890
2026-03-05,Sector 4,Asia,Cola Zero,3,15740
2026-03-06,Sector 3,América,Sprite,1,4400
2026-03-06,Sector 1,Asia,Cola Zero,2,8140
2026-03-06,Sector 5,Oceanía,Cola Zero,2,7710
2026-03-06,Sector 3,África,Cola Original,2,10950
2026-03-06,Sector 3,Europa,Fanta,2,6800
2026-03-06,Sector 3,Europa,Cola Original,1,6160
2026-03-06,Sector 1,Oceanía,Cola Original,1,4570
2026-03-06,Sector 2,Asia,Cola Zero,3,12890
2026-03-06,Sector 1,Asia,Cola Zero,2,11070
2026-03-06,Sector 4,Europa,Sprite,3,10650
2026-03-06,Sector 3,Asia,Cola Zero,2,8060
2026-03-06,Sector 4,Oceanía,Cola Original,2,8400
2026-03-06,Sector 3,África,Cola Original,3,14510
2026-03-06,Sector 4,Oceanía,Cola Zero,2,8150
2026-03-07,Sector 5,América,Sprite,1,4360
2026-03-07,Sector 4,Asia,Cola Zero,3,13140
2026-03-07,Sector 5,África,Cola Original,3,15040
2026-03-07,Sector 4,África,Cola Original,5,24660
2026-03-07,Sector 3,Asia,Agua,2,5930
2026-03-07,Sector 2,América,Fanta,2,5850
2026-03-07,Sector 3,América,Cola Zero,1,4400
2026-03-07,Sector 5,Oceanía,Fanta,1,5120
2026-03-08,Sector 2,África,Cola Original,3,14580
2026-03-08,Sector 2,Oceanía,Sprite,2,7100
2026-03-08,Sector 4,África,Cola Original,5,23810
2026-03-08,Sector 1,Asia,Cola Original,2,8360
2026-03-08,Sector 2,Asia,Agua,4,9570
2026-03-09,Sector 3,Europa,Cola Zero,2,8930
2026-03-09,Sector 2,Asia,Agua,4,9110
2026-03-09,Sector 3,Asia,Cola Original,2,8850
2026-03-09,Sector 4,Europa,Sprite,3,12110
2026-03-09,Sector 2,Oceanía,Sprite,1,5670
2026-03-09,Sector 5,África,Sprite,3,11420
2026-03-09,Sector 1,Oceanía,Agua,1,3090
2026-03-09,Sector 1,Asia,Cola Zero,2,10490
2026-03-09,Sector 1,Oceanía,Fanta,1,4790
2026-03-09,Sector 1,América,Agua,1,3630
2026-03-09,Sector 1,Oceanía,Fanta,1,5160
2026-03-10,Sector 5,Oceanía,Cola Original,2,7130
2026-03-10,Sector 3,América,Fanta,1,3030
2026-03-10,Sector 4,Asia,Agua,4,10890
2026-03-10,Sector 1,América,Agua,1,3300
2026-03-10,Sector 5,América,Cola Zero,1,6910
2026-03-10,Sector 1,Oceanía,Fanta,1,4640
2026-03-10,Sector 3,América,Cola Zero,1,4430
2026-03-10,Sector 4,África,Fanta,4,15010
2026-03-11,Sector 4,Europa,Cola Zero,3,13650
2026-03-11,Sector 2,África,Fanta,4,12920
2026-03-11,Sector 2,Oceanía,Sprite,1,4720
2026-03-11,Sector 1,Asia,Sprite,3,10140
2026-03-11,Sector 4,Asia,Agua,4,9430
2026-03-11,Sector 1,Oceanía,Sprite,1,4880
2026-03-11,Sector 3,Oceanía,Fanta,1,4200
2026-03-12,Sector 1,Oceanía,Sprite,1,4930
2026-03-12,Sector 3,Asia,Agua,2,5600
2026-03-12,Sector 2,Oceanía,Cola Original,2,7300
2026-03-12,Sector 2,Europa,Cola Original,3,11420
2026-03-12,Sector 3,Oceanía,Cola Zero,1,3970
2026-03-12,Sector 3,Europa,Cola Original,1,6090
2026-03-13,Sector 4,Asia,Cola Zero,4,19500
2026-03-13,Sector 3,Europa,Agua,2,5770
2026-03-13,Sector 1,América,Agua,1,3640
2026-03-13,Sector 2,África,Agua,4,10950
2026-03-13,Sector 3,Asia,Fanta,2,7770
2026-03-13,Sector 2,Asia,Cola Original,3,12960
2026-03-13,Sector 4,Asia,Sprite,4,14570
2026-03-13,Sector 5,América,Cola Original,1,6420
2026-03-13,Sector 5,Asia,Agua,3,7410
2026-03-13,Sector 4,África,Cola Zero,5,21880
2026-03-13,Sector 3,Oceanía,Cola Zero,1,4380
2026-03-14,Sector 5,Oceanía,Cola Original,1,5780
2026-03-14,Sector 2,Asia,Sprite,2,8950
2026-03-14,Sector 5,Europa,Cola Zero,2,9770
2026-03-14,Sector 3,Asia,Cola Zero,2,7830
2026-03-15,Sector 4,Oceanía,Agua,3,7220
2026-03-15,Sector 1,Asia,Fanta,2,8110
2026-03-15,Sector 4,Oceanía,Agua,2,6070
2026-03-15,Sector 1,América,Agua,1,3280
2026-03-15,Sector 3,América,Agua,1,3020
2026-03-15,Sector 5,América,Sprite,1,5000
2026-03-15,Sector 2,Oceanía,Agua,2,5560
2026-03-15,Sector 4,Oceanía,Agua,3,7150
2026-03-15,Sector 4,América,Sprite,2,8550
2026-03-15,Sector 2,América,Sprite,1,4940
2026-03-15,Sector 2,Oceanía,Sprite,1,5520
2026-03-16,Sector 4,América,Agua,2,6080
2026-03-16,Sector 2,Europa,Cola Original,3,12410
2026-03-16,Sector 2,Europa,Sprite,2,8060
2026-03-16,Sector 3,Europa,Fanta,2,5350
2026-03-16,Sector 5,Oceanía,Fanta,2,5920
2026-03-17,Sector 1,Asia,Cola Original,2,10360
2026-03-17,Sector 4,Oceanía,Cola Zero,2,8300
2026-03-17,Sector 5,Oceanía,Fanta,1,4030
2026-03-17,Sector 4,Asia,Cola Original,3,14020
2026-03-17,Sector 5,América,Sprite,1,4640
2026-03-18,Sector 3,Asia,Fanta,2,7150
2026-03-18,Sector 1,África,Cola Zero,3,14680
2026-03-18,Sector 2,Asia,Cola Zero,3,15620
2026-03-18,Sector 5,África,Agua,4,10390
2026-03-18,Sector 3,África,Cola Zero,2,11140
2026-03-18,Sector 2,África,Fanta,3,12070
2026-03-18,Sector 3,Asia,Sprite,2,8100
2026-03-18,Sector 2,Asia,Sprite,3,10510
2026-03-18,Sector 1,Oceanía,Agua,1,3830
2026-03-18,Sector 1,Asia,Agua,2,5730
2026-03-18,Sector 2,África,Fanta,3,11370
2026-03-18,Sector 2,Oceanía,Agua,2,4990
2026-03-18,Sector 5,Asia,Agua,4,10050
2026-03-18,Sector 3,América,Sprite,1,4290
2026-03-18,Sector 2,Oceanía,Sprite,2,6880
2026-03-19,Sector 3,Asia,Fanta,2,7860
2026-03-19,Sector 4,Oceanía,Cola Original,2,10360
2026-03-19,Sector 5,América,Fanta,2,5390
2026-03-19,Sector 5,Europa,Fanta,2,8480
2026-03-19,Sector 1,América,Cola Original,1,4820
2026-03-20,Sector 5,América,Agua,2,4890
2026-03-20,Sector 1,Europa,Sprite,2,7290
2026-03-20,Sector 1,Europa,Fanta,2,7130
2026-03-20,Sector 4,Europa,Agua,3,6970
2026-03-20,Sector 4,Oceanía,Agua,2,5050
2026-03-20,Sector 2,Asia,Cola Zero,3,15240
2026-03-20,Sector 1,Asia,Fanta,3,9260
2026-03-20,Sector 3,África,Fanta,2,8730
2026-03-20,Sector 3,Europa,Fanta,1,4910
2026-03-20,Sector 5,África,Fanta,4,13400
2026-03-20,Sector 5,Oceanía,Sprite,1,4370
2026-03-20,Sector 5,Europa,Agua,2,5730
2026-03-21,Sector 3,Europa,Cola Original,1,6270
2026-03-21,Sector 2,Europa,Cola Original,2,10910
2026-03-21,Sector 2,Europa,Fanta,2,7800
2026-03-21,Sector 3,África,Cola Original,3,12820
2026-03-21,Sector 1,África,Fanta,3,12140
2026-03-21,Sector 5,África,Fanta,4,13480
2026-03-21,Sector 4,Oceanía,Agua,3,6700
2026-03-22,Sector 4,Asia,Fanta,4,14310
2026-03-22,Sector 4,Europa,Cola Zero,3,14810
2026-03-22,Sector 3,Europa,Cola Original,2,6780
2026-03-22,Sector 2,África,Cola Original,3,14480
2026-03-22,Sector 5,Asia,Sprite,2,9180
2026-03-23,Sector 3,Oceanía,Agua,1,3130
2026-03-23,Sector 1,Asia,Cola Zero,2,10970
2026-03-23,Sector 1,Europa,Cola Original,1,6240
2026-03-23,Sector 2,África,Cola Original,3,14050
2026-03-23,Sector 3,África,Cola Original,2,10600
2026-03-23,Sector 4,Europa,Cola Original,3,15260
2026-03-23,Sector 1,Oceanía,Fanta,1,3640
2026-03-24,Sector 4,Oceanía,Cola Zero,2,8480
2026-03-24,Sector 1,América,Cola Zero,1,5690
2026-03-24,Sector 1,Oceanía,Cola Zero,1,5780
2026-03-24,Sector 5,América,Cola Original,1,6490
2026-03-24,Sector 3,América,Agua,1,3460
2026-03-24,Sector 5,Europa,Agua,3,7490
2026-03-25,Sector 4,África,Cola Original,4,19110
2026-03-25,Sector 4,Oceanía,Fanta,2,6970
2026-03-25,Sector 5,Oceanía,Sprite,2,6310
2026-03-25,Sector 5,Oceanía,Cola Original,1,5480
2026-03-25,Sector 5,África,Cola Original,4,19100
2026-03-25,Sector 2,América,Cola Zero,2,8010
2026-03-25,Sector 4,Oceanía,Cola Zero,2,8260
2026-03-25,Sector 4,Europa,Cola Original,2,9810
2026-03-25,Sector 3,África,Sprite,2,9120
2026-03-25,Sector 1,Asia,Agua,2,6500
2026-03-25,Sector 1,Oceanía,Cola Original,1,4360
2026-03-26,Sector 5,América,Cola Original,1,6270
2026-03-26,Sector 1,América,Cola Zero,1,4430
2026-03-26,Sector 5,Asia,Cola Zero,3,12310
2026-03-26,Sector 2,América,Fanta,2,5620
2026-03-26,Sector 4,Asia,Sprite,4,13420
2026-03-26,Sector 4,Asia,Cola Zero,4,17680
2026-03-26,Sector 5,Europa,Sprite,3,9630
2026-03-27,Sector 5,Oceanía,Cola Zero,2,7510
2026-03-27,Sector 2,Oceanía,Cola Zero,2,8470
2026-03-27,Sector 2,África,Agua,5,13820
2026-03-27,Sector 2,Oceanía,Sprite,2,6060
2026-03-27,Sector 5,Europa,Cola Zero,2,9330
2026-03-27,Sector 4,África,Fanta,5,16620
2026-03-27,Sector 4,Oceanía,Fanta,2,6410
2026-03-27,Sector 5,Oceanía,Cola Original,1,5020
2026-03-27,Sector 2,África,Agua,6,14610
2026-03-27,Sector 4,Oceanía,Cola Original,2,6750
2026-03-28,Sector 2,Oceanía,Sprite,2,6080
2026-03-28,Sector 5,Europa,Sprite,2,8480
2026-03-28,Sector 5,Oceanía,Cola Original,2,6980
2026-03-28,Sector 5,África,Sprite,3,11530
2026-03-28,Sector 2,América,Sprite,2,6360
2026-03-28,Sector 4,África,Sprite,4,17050
2026-03-28,Sector 2,Oceanía,Cola Original,1,6300
2026-03-28,Sector 3,África,Agua,3,9060
2026-03-28,Sector 2,América,Cola Original,1,6740
2026-03-28,Sector 4,Europa,Cola Zero,2,11620
2026-03-28,Sector 5,Oceanía,Fanta,1,4460
2026-03-28,Sector 3,África,Sprite,3,12070
2026-03-28,Sector 2,Asia,Agua,4,10270
2026-04-01,Sector 1,Asia,Sprite,2,7680
2026-04-01,Sector 3,América,Cola Zero,1,5950
2026-04-01,Sector 2,América,Sprite,2,6830
2026-04-01,Sector 1,África,Cola Zero,3,16680
2026-04-01,Sector 4,Oceanía,Agua,3,7250
2026-04-01,Sector 4,África,Cola Zero,4,19560
2026-04-01,Sector 3,Europa,Agua,2,5030
2026-04-01,Sector 5,Oceanía,Cola Zero,1,6130
2026-04-01,Sector 1,Asia,Cola Original,2,8880
2026-04-01,Sector 1,Europa,Agua,2,4860
2026-04-01,Sector 5,África,Cola Original,4,15900
2026-04-01,Sector 2,África,Fanta,4,14110
2026-04-02,Sector 1,Europa,Cola Original,2,9450
2026-04-02,Sector 5,Oceanía,Agua,2,4870
2026-04-02,Sector 2,África,Sprite,5,17740
2026-04-02,Sector 1,Oceanía,Cola Original,1,4300
2026-04-02,Sector 2,América,Cola Zero,2,7910
2026-04-02,Sector 5,Asia,Agua,4,10010
2026-04-02,Sector 1,América,Cola Zero,1,4290
2026-04-02,Sector 3,Asia,Sprite,2,6100
2026-04-02,Sector 2,Oceanía,Sprite,1,5420
2026-04-02,Sector 1,Asia,Fanta,2,7880
2026-04-03,Sector 1,África,Cola Original,4,16560
2026-04-03,Sector 3,Europa,Cola Original,1,6630
2026-04-03,Sector 2,América,Agua,2,4260
2026-04-03,Sector 2,Asia,Agua,3,7460
2026-04-03,Sector 3,Europa,Cola Zero,1,5940
2026-04-03,Sector 2,África,Sprite,3,11810
2026-04-04,Sector 1,América,Agua,1,3740
2026-04-04,Sector 4,Asia,Agua,5,12890
2026-04-04,Sector 4,África,Cola Zero,5,24260
2026-04-04,Sector 4,África,Cola Zero,5,24910
2026-04-04,Sector 1,África,Agua,4,10130
2026-04-04,Sector 1,Asia,Cola Zero,2,11030
2026-04-04,Sector 3,América,Agua,1,2650
2026-04-04,Sector 1,Oceanía,Fanta,1,4570
2026-04-05,Sector 3,América,Cola Zero,1,4040
2026-04-05,Sector 5,Asia,Cola Original,3,13480
2026-04-05,Sector 1,Oceanía,Agua,1,3430
2026-04-05,Sector 5,Oceanía,Sprite,2,5980
2026-04-05,Sector 3,Europa,Cola Zero,2,7930
2026-04-05,Sector 3,Oceanía,Sprite,1,3520
2026-04-05,Sector 4,Asia,Cola Original,3,14010
2026-04-05,Sector 5,Oceanía,Cola Zero,1,7000
2026-04-05,Sector 5,América,Cola Original,2,6980
2026-04-06,Sector 2,Oceanía,Fanta,2,6220
2026-04-06,Sector 1,África,Fanta,4,12330
2026-04-06,Sector 4,Europa,Cola Zero,3,15800
2026-04-06,Sector 1,Asia,Sprite,3,9590
2026-04-06,Sector 1,Asia,Cola Zero,2,8530
2026-04-07,Sector 2,África,Cola Zero,3,15430
2026-04-07,Sector 3,África,Cola Zero,3,14980
2026-04-07,Sector 5,Asia,Cola Original,2,10800
2026-04-07,Sector 3,Europa,Sprite,1,5480
2026-04-07,Sector 5,África,Sprite,4,15780
2026-04-07,Sector 3,Europa,Fanta,1,5110
2026-04-07,Sector 1,Oceanía,Cola Zero,1,4870
2026-04-07,Sector 5,Oceanía,Cola Original,2,7700
2026-04-07,Sector 1,América,Agua,2,3980
2026-04-08,Sector 5,América,Cola Original,1,6460
2026-04-08,Sector 4,Oceanía,Sprite,2,6170
2026-04-08,Sector 2,América,Fanta,2,6290
2026-04-08,Sector 2,Asia,Sprite,3,9570
2026-04-08,Sector 3,África,Sprite,2,8510
2026-04-08,Sector 1,Europa,Sprite,2,6030
2026-04-09,Sector 3,Oceanía,Fanta,1,4130
2026-04-09,Sector 4,Europa,Sprite,2,9040
2026-04-09,Sector 1,África,Cola Original,3,11690
2026-04-09,Sector 1,América,Fanta,1,4360
2026-04-09,Sector 3,Oceanía,Sprite,1,4050
2026-04-09,Sector 3,Europa,Cola Zero,2,7860
2026-04-09,Sector 3,Asia,Cola Zero,2,7510
2026-04-09,Sector 2,América,Fanta,2,5370
2026-04-10,Sector 1,África,Agua,3,8820
2026-04-10,Sector 2,Oceanía,Cola Zero,1,7010
2026-04-10,Sector 1,América,Cola Zero,1,4420
2026-04-10,Sector 1,África,Sprite,3,12850
2026-04-10,Sector 5,Asia,Agua,4,9800
2026-04-10,Sector 4,América,Fanta,2,5490
2026-04-10,Sector 1,Oceanía,Sprite,1,5280
2026-04-10,Sector 5,Oceanía,Agua,2,4610
2026-04-10,Sector 1,América,Sprite,1,3610
2026-04-10,Sector 4,Europa,Agua,3,7270
2026-04-11,Sector 5,Asia,Cola Original,2,9380
2026-04-11,Sector 3,África,Cola Zero,3,15660
2026-04-11,Sector 3,Asia,Fanta,2,8270
2026-04-11,Sector 1,Asia,Cola Original,3,11950
2026-04-11,Sector 5,Europa,Fanta,3,9100
2026-04-12,Sector 2,Europa,Agua,3,6700
2026-04-12,Sector 3,África,Sprite,3,10390
2026-04-12,Sector 4,Europa,Sprite,2,8730
2026-04-12,Sector 4,África,Sprite,5,20020
2026-04-12,Sector 3,Europa,Sprite,1,5280
2026-04-12,Sector 1,Europa,Agua,2,6280
2026-04-13,Sector 3,Asia,Sprite,2,6050
2026-04-13,Sector 1,América,Cola Original,1,6280
2026-04-13,Sector 5,Oceanía,Agua,1,3710
2026-04-13,Sector 5,África,Sprite,4,14840
2026-04-13,Sector 4,Asia,Fanta,3,10320
2026-04-13,Sector 5,América,Cola Original,2,6790
2026-04-14,Sector 3,América,Cola Original,1,5410
2026-04-14,Sector 3,Europa,Cola Zero,2,7540
2026-04-14,Sector 2,América,Sprite,1,5330
2026-04-14,Sector 4,Europa,Agua,3,8880
2026-04-14,Sector 5,Oceanía,Agua,2,4070
2026-04-14,Sector 4,Europa,Agua,3,8100
2026-04-14,Sector 1,Asia,Agua,3,7130
2026-04-14,Sector 5,Europa,Sprite,2,8990
2026-04-14,Sector 3,Europa,Fanta,1,5120
2026-04-14,Sector 4,África,Sprite,5,19560
2026-04-14,Sector 5,América,Fanta,1,4470
2026-04-14,Sector 5,África,Agua,4,9360
2026-04-14,Sector 2,América,Cola Zero,2,7590
2026-04-15,Sector 3,Europa,Agua,2,4510
2026-04-15,Sector 3,Asia,Agua,2,5180
2026-04-15,Sector 4,Oceanía,Cola Original,2,8070
2026-04-15,Sector 2,Europa,Agua,3,6850
2026-04-15,Sector 1,Asia,Agua,2,5880
2026-04-15,Sector 3,América,Sprite,1,4620
2026-04-15,Sector 2,América,Cola Original,1,6030
2026-04-15,Sector 2,África,Cola Zero,4,19740
2026-04-16,Sector 4,Asia,Agua,4,10030
2026-04-16,Sector 5,Oceanía,Cola Original,1,5250
2026-04-16,Sector 4,África,Sprite,6,20980
2026-04-16,Sector 4,América,Fanta,2,8060
2026-04-17,Sector 5,América,Fanta,1,4020
2026-04-17,Sector 1,Asia,Fanta,2,7210
2026-04-17,Sector 5,Oceanía,Cola Zero,2,7460
2026-04-17,Sector 1,Europa,Cola Original,2,6890
2026-04-17,Sector 1,Asia,Agua,3,8200
2026-04-17,Sector 3,América,Sprite,1,3550
2026-04-17,Sector 2,América,Cola Zero,2,7220
2026-04-17,Sector 3,Asia,Cola Original,2,8420
2026-04-18,Sector 5,Asia,Cola Zero,3,14650
2026-04-18,Sector 5,Europa,Cola Zero,2,11280
2026-04-18,Sector 5,Asia,Cola Original,2,10670
2026-04-18,Sector 4,África,Cola Zero,5,23940
2026-04-18,Sector 2,Europa,Fanta,3,9970
2026-04-18,Sector 5,América,Cola Zero,2,7350
2026-04-18,Sector 5,África,Agua,4,9640
2026-04-18,Sector 4,Europa,Fanta,2,8700
2026-04-18,Sector 2,América,Sprite,1,5530
2026-04-18,Sector 5,África,Fanta,4,15730
2026-04-18,Sector 1,América,Sprite,1,4640
2026-04-18,Sector 2,África,Cola Zero,3,16670
2026-04-18,Sector 1,América,Agua,2,4260
2026-04-19,Sector 3,América,Cola Original,1,4140
2026-04-19,Sector 3,Asia,Cola Original,2,7310
2026-04-19,Sector 5,Europa,Sprite,2,7180
2026-04-19,Sector 3,América,Cola Original,1,3950
2026-04-19,Sector 2,Oceanía,Cola Zero,2,8170
2026-04-19,Sector 2,Oceanía,Sprite,1,5440
2026-04-19,Sector 2,África,Cola Original,3,14830
2026-04-19,Sector 1,Europa,Cola Original,2,8370
2026-04-19,Sector 4,Europa,Cola Original,3,15360
2026-04-20,Sector 2,África,Cola Original,4,19430
2026-04-20,Sector 4,Asia,Sprite,4,13960
2026-04-20,Sector 1,América,Cola Original,1,4910
2026-04-20,Sector 4,Asia,Sprite,4,14980
2026-04-20,Sector 4,África,Agua,6,14750
2026-04-20,Sector 4,África,Cola Original,5,23510
2026-04-20,Sector 1,América,Sprite,1,3670
2026-04-20,Sector 1,Oceanía,Cola Original,1,5550
2026-04-20,Sector 2,Oceanía,Cola Zero,1,6480
2026-04-20,Sector 1,África,Cola Zero,3,13490
2026-04-20,Sector 2,Europa,Cola Zero,2,11210
2026-04-20,Sector 1,América,Sprite,1,4730
2026-04-21,Sector 2,África,Cola Original,4,19520
2026-04-21,Sector 5,América,Agua,2,4450
2026-04-21,Sector 2,Oceanía,Sprite,2,6360
2026-04-21,Sector 3,Asia,Agua,2,5920
2026-04-21,Sector 1,Oceanía,Cola Zero,1,4710
2026-04-21,Sector 5,África,Cola Zero,4,17400
2026-04-22,Sector 1,Europa,Sprite,2,6310
2026-04-22,Sector 5,Asia,Cola Original,3,13740
2026-04-22,Sector 3,Asia,Sprite,2,7230
2026-04-22,Sector 1,Europa,Fanta,2,7270
2026-04-22,Sector 3,Europa,Cola Zero,2,7310
2026-04-22,Sector 2,África,Fanta,5,16580
2026-04-22,Sector 5,África,Cola Original,4,17530
2026-04-22,Sector 5,África,Cola Original,3,15650
2026-04-23,Sector 1,África,Sprite,3,9800
2026-04-23,Sector 1,Europa,Sprite,1,5480
2026-04-23,Sector 4,África,Sprite,5,18120
2026-04-23,Sector 5,Asia,Fanta,3,11240
2026-04-23,Sector 4,Europa,Cola Zero,2,10340
2026-04-23,Sector 4,Europa,Agua,4,9810
2026-04-23,Sector 1,Oceanía,Cola Original,1,5150
2026-04-23,Sector 1,América,Fanta,1,3290
2026-04-23,Sector 5,Asia,Agua,4,9820
2026-04-23,Sector 3,América,Fanta,1,3380
2026-04-24,Sector 5,Oceanía,Cola Original,1,6710
2026-04-24,Sector 5,Oceanía,Cola Original,1,5160
2026-04-24,Sector 5,Oceanía,Sprite,2,6570
2026-04-24,Sector 5,Asia,Cola Zero,3,12730
2026-04-24,Sector 1,África,Agua,4,11420
2026-04-24,Sector 1,Asia,Cola Zero,2,8570
2026-04-24,Sector 5,Asia,Sprite,2,9080
2026-04-24,Sector 4,Europa,Cola Zero,3,12820
2026-04-24,Sector 2,América,Cola Original,2,7610
2026-04-25,Sector 5,África,Sprite,4,15780
2026-04-25,Sector 3,Europa,Sprite,2,6530
2026-04-25,Sector 4,Asia,Agua,4,9830
2026-04-26,Sector 3,África,Fanta,3,8980
2026-04-26,Sector 3,Oceanía,Cola Original,1,4200
2026-04-26,Sector 3,Asia,Fanta,2,6550
2026-04-26,Sector 2,América,Agua,2,5050
2026-04-26,Sector 3,África,Sprite,3,12520
2026-04-26,Sector 4,Oceanía,Agua,2,5120
2026-04-26,Sector 4,África,Sprite,4,14900
2026-04-26,Sector 2,América,Sprite,2,6640
2026-04-26,Sector 2,Asia,Fanta,4,12400
2026-04-27,Sector 5,Europa,Agua,2,6080
2026-04-27,Sector 5,América,Fanta,1,5170
2026-04-27,Sector 3,Oceanía,Sprite,1,4580
2026-04-27,Sector 3,Oceanía,Cola Original,1,4070
2026-04-27,Sector 3,Oceanía,Fanta,1,3470
2026-04-27,Sector 3,Europa,Sprite,2,6440
2026-04-27,Sector 5,Europa,Sprite,2,6750
2026-04-27,Sector 5,Asia,Cola Zero,2,10270
2026-04-28,Sector 4,Asia,Fanta,4,13950
2026-04-28,Sector 1,Europa,Agua,2,6430
2026-04-28,Sector 5,Oceanía,Cola Original,1,6270
2026-04-28,Sector 1,Oceanía,Cola Zero,1,6760
2026-04-28,Sector 4,América,Fanta,2,5390
2026-04-28,Sector 1,África,Fanta,3,10290
2026-05-01,Sector 3,Asia,Cola Original,2,10770
2026-05-01,Sector 2,Asia,Cola Original,3,11650
2026-05-01,Sector 5,Oceanía,Sprite,1,4710
2026-05-01,Sector 4,América,Agua,2,4740
2026-05-01,Sector 2,Oceanía,Cola Zero,2,7410
2026-05-01,Sector 4,Asia,Cola Zero,3,15460
2026-05-01,Sector 5,Oceanía,Sprite,1,4500
2026-05-01,Sector 2,Asia,Cola Original,3,14350
2026-05-01,Sector 2,Asia,Fanta,3,10730
2026-05-01,Sector 5,América,Cola Original,2,6830
2026-05-02,Sector 2,Oceanía,Agua,2,3920
2026-05-02,Sector 1,Europa,Sprite,2,6570
2026-05-02,Sector 2,Oceanía,Cola Original,1,6700
2026-05-02,Sector 1,África,Sprite,3,12560
2026-05-02,Sector 2,Europa,Sprite,3,9510
2026-05-03,Sector 2,Oceanía,Cola Original,2,6780
2026-05-03,Sector 4,África,Agua,6,15910
2026-05-03,Sector 3,América,Sprite,1,3810
2026-05-03,Sector 4,Asia,Fanta,4,14940
2026-05-03,Sector 1,América,Cola Original,1,4540
2026-05-03,Sector 1,África,Fanta,3,10690
2026-05-03,Sector 5,Asia,Agua,3,7800
2026-05-03,Sector 2,Europa,Cola Original,3,12390
2026-05-03,Sector 5,Oceanía,Agua,2,4430
2026-05-04,Sector 1,Asia,Cola Zero,2,9650
2026-05-04,Sector 5,América,Fanta,1,4660
2026-05-04,Sector 4,África,Sprite,4,16030
2026-05-04,Sector 4,África,Cola Original,5,20500
2026-05-04,Sector 1,América,Cola Zero,1,5340
2026-05-04,Sector 5,Oceanía,Fanta,2,6020
2026-05-04,Sector 4,Asia,Cola Original,3,14710
2026-05-04,Sector 2,África,Sprite,4,14680
2026-05-04,Sector 1,Asia,Cola Zero,2,11760
2026-05-04,Sector 3,Oceanía,Cola Zero,1,4690
2026-05-04,Sector 4,Oceanía,Sprite,2,8470
2026-05-05,Sector 1,Oceanía,Sprite,1,4900
2026-05-05,Sector 2,Oceanía,Fanta,1,4480
2026-05-05,Sector 1,América,Fanta,1,4520
2026-05-05,Sector 5,Europa,Sprite,2,9330
2026-05-05,Sector 1,Europa,Agua,2,6230
2026-05-05,Sector 2,Europa,Cola Zero,2,10210
2026-05-05,Sector 3,Oceanía,Sprite,1,3900
2026-05-05,Sector 2,Asia,Cola Zero,3,15000
2026-05-06,Sector 1,Europa,Cola Original,2,7490
2026-05-06,Sector 1,Europa,Cola Zero,1,6710
2026-05-06,Sector 4,América,Cola Original,2,10070
2026-05-06,Sector 2,Europa,Cola Original,2,9500
2026-05-06,Sector 3,América,Sprite,1,4360
2026-05-06,Sector 4,Oceanía,Sprite,2,7880
2026-05-06,Sector 3,Asia,Agua,2,5380
2026-05-06,Sector 2,Europa,Fanta,2,6470
2026-05-06,Sector 4,Europa,Agua,3,7780
2026-05-06,Sector 4,Oceanía,Sprite,2,7620
2026-05-06,Sector 5,África,Fanta,4,14160
2026-05-07,Sector 1,América,Agua,1,3480
2026-05-07,Sector 1,Asia,Fanta,2,6440
2026-05-07,Sector 1,África,Agua,4,9740
2026-05-07,Sector 4,África,Fanta,6,19400
2026-05-07,Sector 4,Asia,Cola Original,4,17370
2026-05-07,Sector 3,Asia,Cola Original,2,9720
2026-05-07,Sector 4,América,Cola Original,2,7310
2026-05-07,Sector 3,Asia,Sprite,2,8830
2026-05-08,Sector 4,África,Agua,7,17840
2026-05-08,Sector 4,América,Fanta,2,6390
2026-05-08,Sector 5,África,Cola Original,4,20150
2026-05-08,Sector 2,Oceanía,Sprite,2,6700
2026-05-09,Sector 2,Oceanía,Agua,2,5800
2026-05-09,Sector 4,África,Agua,5,13460
2026-05-09,Sector 2,África,Cola Zero,5,21850
2026-05-09,Sector 5,Oceanía,Agua,2,5320
2026-05-09,Sector 5,América,Sprite,1,4690
2026-05-09,Sector 2,África,Cola Zero,4,17280
2026-05-09,Sector 3,América,Fanta,1,4350
2026-05-09,Sector 5,África,Cola Zero,4,20140
2026-05-09,Sector 2,África,Agua,5,11950
2026-05-09,Sector 5,Asia,Sprite,2,8290
2026-05-10,Sector 1,Asia,Agua,2,6220
2026-05-10,Sector 3,Europa,Fanta,2,5280
2026-05-10,Sector 3,América,Fanta,1,2950
2026-05-10,Sector 1,África,Agua,3,7940
2026-05-10,Sector 2,África,Cola Zero,3,15990
2026-05-10,Sector 2,América,Cola Original,2,8140
2026-05-10,Sector 4,África,Cola Zero,4,19500
2026-05-10,Sector 5,Europa,Fanta,2,8370
2026-05-10,Sector 4,África,Sprite,5,18750
2026-05-11,Sector 4,Oceanía,Fanta,2,6310
2026-05-11,Sector 5,Europa,Fanta,2,8450
2026-05-11,Sector 4,Europa,Sprite,3,9690
2026-05-11,Sector 1,Asia,Cola Zero,3,12260
2026-05-11,Sector 4,Asia,Cola Zero,3,16420
2026-05-11,Sector 1,África,Agua,3,7710
2026-05-11,Sector 4,Europa,Cola Zero,3,15920
2026-05-11,Sector 2,Asia,Fanta,3,11690
2026-05-11,Sector 5,Asia,Fanta,3,11550
2026-05-12,Sector 1,Oceanía,Agua,2,4000
2026-05-12,Sector 1,Oceanía,Cola Original,1,5510
2026-05-12,Sector 4,África,Sprite,4,17090
2026-05-12,Sector 2,Asia,Agua,4,9890
2026-05-12,Sector 3,Europa,Sprite,2,6650
2026-05-12,Sector 3,Europa,Cola Zero,1,6730
2026-05-13,Sector 3,Asia,Agua,2,5010
2026-05-13,Sector 4,Oceanía,Sprite,2,6650
2026-05-13,Sector 4,África,Sprite,5,20630
2026-05-13,Sector 1,Asia,Agua,2,6120
2026-05-13,Sector 5,América,Fanta,1,4890
2026-05-13,Sector 4,África,Fanta,6,19970
2026-05-13,Sector 1,América,Sprite,1,4950
2026-05-13,Sector 2,Europa,Agua,2,5820
2026-05-13,Sector 1,Asia,Cola Original,3,11670
2026-05-13,Sector 5,Asia,Cola Original,3,13360
2026-05-14,Sector 3,Europa,Cola Zero,1,6870
2026-05-14,Sector 5,América,Cola Zero,1,5620
2026-05-14,Sector 1,América,Fanta,1,4560
2026-05-14,Sector 3,Europa,Cola Original,2,7240
2026-05-14,Sector 4,Asia,Sprite,4,16360
2026-05-14,Sector 1,Europa,Agua,2,5400
2026-05-14,Sector 4,Oceanía,Sprite,2,5750
2026-05-14,Sector 4,América,Cola Zero,1,6910
2026-05-15,Sector 1,África,Cola Zero,4,16840
2026-05-15,Sector 3,África,Agua,4,9630
2026-05-15,Sector 5,África,Sprite,4,16480
2026-05-15,Sector 5,Europa,Cola Original,2,10350
2026-05-15,Sector 1,África,Cola Zero,3,14080
2026-05-15,Sector 3,Europa,Agua,2,5210
2026-05-15,Sector 1,Oceanía,Cola Zero,1,4670
2026-05-15,Sector 5,América,Cola Zero,1,7050
2026-05-15,Sector 4,Asia,Sprite,3,11000
2026-05-15,Sector 1,América,Sprite,1,4910
2026-05-15,Sector 1,Europa,Sprite,2,5840
2026-05-15,Sector 3,Oceanía,Agua,2,4060
2026-05-16,Sector 5,América,Agua,2,4670
2026-05-16,Sector 2,Europa,Cola Original,2,10800
2026-05-16,Sector 3,Asia,Agua,3,6630
2026-05-16,Sector 2,Europa,Cola Zero,2,10100
2026-05-16,Sector 2,África,Cola Zero,4,18260
2026-05-16,Sector 1,Europa,Sprite,2,8030
2026-05-16,Sector 5,África,Cola Zero,3,14880
2026-05-16,Sector 5,África,Agua,5,11860
2026-05-16,Sector 1,Asia,Sprite,2,8100
2026-05-16,Sector 1,América,Agua,1,3680
2026-05-17,Sector 4,Asia,Agua,5,12910
2026-05-17,Sector 4,Oceanía,Sprite,2,7550
2026-05-17,Sector 4,América,Sprite,2,5780
2026-05-17,Sector 4,Oceanía,Fanta,2,6100
2026-05-17,Sector 5,América,Fanta,1,4040
2026-05-18,Sector 4,Europa,Cola Original,3,15240
2026-05-18,Sector 5,Asia,Agua,3,7800
2026-05-18,Sector 5,África,Sprite,4,14010
2026-05-18,Sector 3,Europa,Agua,2,4450
2026-05-18,Sector 5,África,Cola Original,4,20040
2026-05-18,Sector 3,Oceanía,Fanta,1,3270
2026-05-18,Sector 3,Oceanía,Agua,1,3050
2026-05-18,Sector 4,Europa,Cola Zero,2,10970
2026-05-18,Sector 5,Asia,Agua,3,7640
2026-05-18,Sector 4,Oceanía,Agua,2,6290
2026-05-18,Sector 1,África,Fanta,3,9250
2026-05-19,Sector 5,África,Agua,5,13910
2026-05-19,Sector 3,Asia,Cola Original,2,7000
2026-05-19,Sector 1,Oceanía,Fanta,1,4950
2026-05-19,Sector 1,Asia,Sprite,2,8770
2026-05-19,Sector 4,Europa,Fanta,2,7920
2026-05-19,Sector 1,África,Sprite,3,12680
2026-05-19,Sector 5,Asia,Cola Zero,3,12380
2026-05-19,Sector 4,América,Fanta,2,7160
2026-05-19,Sector 2,África,Sprite,3,12300
2026-05-20,Sector 5,Europa,Fanta,2,8600
2026-05-20,Sector 3,Oceanía,Sprite,1,3970
2026-05-20,Sector 3,Asia,Fanta,2,7450
2026-05-20,Sector 1,América,Fanta,1,4310
2026-05-20,Sector 1,Oceanía,Cola Zero,1,5520
2026-05-21,Sector 5,Oceanía,Fanta,2,6110
2026-05-21,Sector 4,África,Sprite,5,18840
2026-05-21,Sector 1,África,Cola Zero,3,15190
2026-05-21,Sector 2,Europa,Fanta,3,9410
2026-05-21,Sector 1,África,Cola Original,3,14810
2026-05-21,Sector 5,Europa,Fanta,2,6540
2026-05-21,Sector 2,Europa,Agua,2,6350
2026-05-21,Sector 5,América,Fanta,1,5060
2026-05-21,Sector 4,Europa,Cola Original,2,10530
2026-05-21,Sector 4,Europa,Cola Zero,3,15420
2026-05-21,Sector 4,América,Cola Original,2,9460
2026-05-21,Sector 1,Oceanía,Cola Original,1,6200
2026-05-21,Sector 2,África,Cola Zero,4,19490
2026-05-21,Sector 1,América,Fanta,1,3940
2026-05-21,Sector 2,África,Cola Zero,5,22610
2026-05-21,Sector 2,África,Sprite,4,15160
2026-05-22,Sector 2,África,Agua,6,14470
2026-05-22,Sector 5,América,Fanta,2,5850
2026-05-22,Sector 3,América,Fanta,1,4230
2026-05-22,Sector 1,Asia,Agua,2,5470
2026-05-22,Sector 3,Europa,Fanta,2,6120
2026-05-22,Sector 5,Europa,Cola Zero,2,11270
2026-05-22,Sector 2,África,Fanta,5,15860
2026-05-22,Sector 5,Asia,Cola Original,3,11650
2026-05-22,Sector 3,África,Agua,3,8980
2026-05-23,Sector 1,América,Sprite,1,3690
2026-05-23,Sector 4,América,Cola Zero,2,10580
2026-05-23,Sector 2,América,Sprite,1,5660
2026-05-23,Sector 1,Oceanía,Cola Zero,1,5320
2026-05-23,Sector 3,Asia,Fanta,2,5780
2026-05-23,Sector 5,África,Agua,4,9910
2026-05-23,Sector 1,América,Sprite,1,4290
2026-05-23,Sector 2,Oceanía,Sprite,2,5840
2026-05-23,Sector 3,Oceanía,Cola Zero,1,5340
2026-05-23,Sector 5,Oceanía,Agua,2,5070
2026-05-24,Sector 1,Asia,Cola Original,2,8180
2026-05-24,Sector 2,Europa,Agua,3,7730
2026-05-24,Sector 3,Oceanía,Cola Original,1,5780
2026-05-24,Sector 5,África,Fanta,3,10690
2026-05-24,Sector 3,Oceanía,Sprite,1,4060
2026-05-24,Sector 2,Europa,Sprite,3,9830
2026-05-24,Sector 4,Asia,Agua,5,12240
2026-05-25,Sector 4,América,Sprite,2,7540
2026-05-25,Sector 4,Europa,Cola Original,3,12470
2026-05-25,Sector 2,Asia,Cola Original,3,11580
2026-05-25,Sector 3,Europa,Cola Original,2,7280
2026-05-25,Sector 1,América,Cola Zero,1,5240
2026-05-25,Sector 3,Oceanía,Fanta,1,4080
2026-05-25,Sector 2,África,Cola Original,3,14460
2026-05-25,Sector 5,Oceanía,Cola Original,1,5750
2026-05-25,Sector 4,Asia,Cola Zero,4,18380
2026-05-26,Sector 5,Asia,Cola Original,2,11120
2026-05-26,Sector 4,Europa,Fanta,3,10990
2026-05-27,Sector 1,Oceanía,Sprite,1,3780
2026-05-27,Sector 1,América,Fanta,1,5030
2026-05-27,Sector 1,Oceanía,Agua,1,3670
2026-05-27,Sector 4,América,Fanta,2,7050
2026-05-27,Sector 2,África,Cola Zero,4,17370
2026-05-27,Sector 2,África,Fanta,5,16560
2026-05-27,Sector 5,Europa,Agua,2,5400
2026-05-27,Sector 2,África,Agua,5,11940
2026-05-27,Sector 3,África,Sprite,3,10200
2026-05-27,Sector 4,África,Sprite,4,17030
2026-05-27,Sector 5,Europa,Cola Original,2,10150
2026-05-27,Sector 1,Oceanía,Agua,1,3880
2026-05-28,Sector 3,Oceanía,Agua,2,4050
2026-05-28,Sector 5,Asia,Cola Original,2,11080
2026-05-28,Sector 2,Asia,Sprite,3,11050
2026-05-28,Sector 3,África,Cola Original,3,11320
2026-05-28,Sector 5,Asia,Fanta,3,10280
2026-05-28,Sector 2,África,Sprite,4,15900
2026-05-28,Sector 5,Asia,Sprite,2,9150
2026-05-28,Sector 5,Oceanía,Cola Zero,1,5460
2026-05-28,Sector 2,Asia,Fanta,3,11300
2026-05-28,Sector 3,Europa,Cola Original,2,8220
2026-05-28,Sector 4,Asia,Cola Original,4,18410
2026-05-28,Sector 3,Oceanía,Fanta,1,4040
2026-06-01,Sector 3,Oceanía,Cola Zero,1,4260
2026-06-01,Sector 1,América,Agua,1,3100
2026-06-01,Sector 4,Oceanía,Agua,2,5700
2026-06-01,Sector 3,América,Fanta,1,3240
2026-06-01,Sector 4,Oceanía,Sprite,2,8740
2026-06-01,Sector 3,Europa,Sprite,1,5480
2026-06-01,Sector 5,Oceanía,Agua,2,4610
2026-06-01,Sector 3,Europa,Cola Zero,2,8110
2026-06-02,Sector 4,Europa,Sprite,3,12260
2026-06-02,Sector 4,África,Agua,6,16060
2026-06-02,Sector 1,América,Cola Zero,1,5010
2026-06-03,Sector 1,Oceanía,Cola Original,1,5780
2026-06-03,Sector 3,África,Cola Original,2,9920
2026-06-03,Sector 3,América,Sprite,1,4570
2026-06-03,Sector 5,Asia,Cola Original,2,10800
2026-06-03,Sector 5,Europa,Cola Original,2,8930
2026-06-03,Sector 1,África,Fanta,3,9900
2026-06-03,Sector 3,América,Cola Zero,1,4200
2026-06-04,Sector 1,América,Sprite,1,4780
2026-06-04,Sector 2,Europa,Agua,2,6260
2026-06-04,Sector 1,Asia,Agua,2,6110
2026-06-04,Sector 5,Oceanía,Fanta,1,5160
2026-06-04,Sector 3,Europa,Agua,2,5920
2026-06-05,Sector 4,África,Agua,5,13660
2026-06-05,Sector 1,Asia,Sprite,2,9030
2026-06-05,Sector 5,América,Cola Zero,1,5110
2026-06-05,Sector 5,África,Sprite,3,11250
2026-06-05,Sector 1,Asia,Fanta,2,6410
2026-06-05,Sector 3,América,Agua,1,3890
2026-06-06,Sector 2,Oceanía,Cola Original,2,6890
2026-06-06,Sector 3,América,Cola Zero,1,4720
2026-06-06,Sector 2,África,Sprite,4,16370
2026-06-06,Sector 2,Europa,Sprite,3,9680
2026-06-06,Sector 1,América,Cola Original,1,5100
2026-06-06,Sector 2,Oceanía,Agua,2,5240
2026-06-06,Sector 2,América,Sprite,2,5810
2026-06-06,Sector 1,Asia,Cola Zero,2,10540
2026-06-06,Sector 1,Oceanía,Agua,1,3120
2026-06-06,Sector 2,Asia,Cola Zero,3,14640
2026-06-06,Sector 1,Europa,Fanta,2,5260
2026-06-06,Sector 4,América,Agua,2,5020
2026-06-06,Sector 3,Europa,Sprite,2,7170
2026-06-06,Sector 5,América,Cola Zero,1,6590
2026-06-06,Sector 4,África,Sprite,5,18480
2026-06-07,Sector 4,África,Agua,6,15480
2026-06-07,Sector 5,Oceanía,Agua,2,4900
2026-06-07,Sector 3,América,Agua,1,3340
2026-06-07,Sector 1,Asia,Fanta,2,8510
2026-06-08,Sector 2,Oceanía,Sprite,1,5140
2026-06-08,Sector 4,Europa,Cola Original,3,13780
2026-06-08,Sector 5,África,Cola Original,4,17170
2026-06-08,Sector 1,Asia,Sprite,2,9050
2026-06-08,Sector 4,Oceanía,Cola Original,2,7910
2026-06-08,Sector 3,Europa,Cola Original,2,7150
2026-06-08,Sector 4,África,Cola Zero,5,23080
2026-06-08,Sector 5,Oceanía,Agua,2,5170
2026-06-09,Sector 4,América,Cola Zero,2,8620
2026-06-09,Sector 4,Asia,Cola Zero,4,18420
2026-06-09,Sector 1,Europa,Sprite,2,7160
2026-06-09,Sector 3,África,Sprite,3,11400
2026-06-09,Sector 2,Oceanía,Sprite,2,6980
2026-06-09,Sector 5,África,Cola Zero,4,20960
2026-06-09,Sector 2,América,Cola Original,2,6890
2026-06-09,Sector 1,Asia,Sprite,2,8950
2026-06-10,Sector 1,África,Cola Zero,4,17790
2026-06-10,Sector 5,Europa,Cola Zero,2,9050
2026-06-10,Sector 3,Europa,Cola Original,2,6810
2026-06-10,Sector 4,Asia,Cola Zero,3,14990
2026-06-10,Sector 2,Asia,Cola Original,3,13940
2026-06-10,Sector 4,Oceanía,Cola Zero,2,8300
2026-06-10,Sector 3,África,Cola Original,3,11730
2026-06-10,Sector 3,Asia,Fanta,2,8450
2026-06-10,Sector 1,Oceanía,Cola Zero,1,5860
2026-06-10,Sector 1,África,Agua,3,8620
2026-06-11,Sector 1,América,Sprite,1,4820
2026-06-11,Sector 4,Oceanía,Cola Zero,2,10410
2026-06-11,Sector 1,África,Cola Original,4,16760
2026-06-11,Sector 3,América,Cola Zero,1,4740
2026-06-11,Sector 3,América,Cola Zero,1,5300
2026-06-11,Sector 1,África,Sprite,3,10800
2026-06-11,Sector 1,América,Cola Original,1,5010
2026-06-11,Sector 4,África,Agua,5,13140
2026-06-12,Sector 1,Europa,Agua,2,5030
2026-06-12,Sector 2,Asia,Cola Original,3,11790
2026-06-12,Sector 5,África,Fanta,4,13170
2026-06-12,Sector 4,Europa,Cola Original,3,13580
2026-06-12,Sector 5,África,Fanta,4,13310
2026-06-12,Sector 4,África,Fanta,6,20560
2026-06-12,Sector 1,Asia,Fanta,2,7420
2026-06-12,Sector 5,Oceanía,Sprite,1,5080
2026-06-12,Sector 2,Europa,Sprite,2,9120
2026-06-12,Sector 1,Asia,Cola Zero,2,10830
2026-06-13,Sector 1,Asia,Sprite,2,9060
2026-06-13,Sector 1,América,Agua,2,4140
2026-06-13,Sector 5,Oceanía,Cola Zero,1,6380
2026-06-13,Sector 1,América,Fanta,1,4490
2026-06-13,Sector 5,Oceanía,Agua,2,4000
2026-06-13,Sector 5,Oceanía,Fanta,2,5350
2026-06-13,Sector 3,Oceanía,Cola Zero,1,4480
2026-06-13,Sector 3,América,Sprite,1,4490
2026-06-13,Sector 1,Oceanía,Cola Zero,1,4860
2026-06-13,Sector 2,Oceanía,Cola Zero,1,6880
2026-06-14,Sector 1,Asia,Cola Original,2,10290
2026-06-14,Sector 3,África,Agua,4,10470
2026-06-14,Sector 2,Oceanía,Sprite,1,4890
2026-06-14,Sector 4,Europa,Agua,3,7860
2026-06-14,Sector 5,Oceanía,Agua,1,3640
2026-06-14,Sector 3,Oceanía,Cola Original,1,4930
2026-06-14,Sector 3,Asia,Fanta,2,8210
2026-06-14,Sector 5,África,Fanta,4,13260
2026-06-14,Sector 5,África,Sprite,3,12820
2026-06-14,Sector 3,Oceanía,Cola Original,1,4540
2026-06-15,Sector 1,América,Cola Original,1,5070
2026-06-15,Sector 4,América,Cola Zero,2,9520
2026-06-15,Sector 1,Asia,Agua,3,8220
2026-06-15,Sector 5,África,Cola Original,3,14310
2026-06-15,Sector 4,África,Cola Original,5,22090
2026-06-15,Sector 2,América,Fanta,1,5060
2026-06-15,Sector 3,Oceanía,Cola Original,1,4570
2026-06-15,Sector 3,Asia,Fanta,2,6590
2026-06-16,Sector 2,América,Cola Original,1,5750
2026-06-16,Sector 1,América,Fanta,1,4620
2026-06-16,Sector 3,Oceanía,Agua,1,2930
2026-06-16,Sector 1,América,Sprite,1,4530
2026-06-16,Sector 3,Oceanía,Sprite,1,4290
2026-06-16,Sector 3,América,Sprite,1,3980
2026-06-16,Sector 5,Oceanía,Cola Zero,1,6950
2026-06-16,Sector 5,Asia,Cola Original,3,11720
2026-06-16,Sector 1,Asia,Cola Zero,2,9970
2026-06-16,Sector 5,África,Sprite,3,13190
2026-06-17,Sector 2,América,Cola Zero,1,5740
2026-06-17,Sector 5,África,Fanta,3,10770
2026-06-17,Sector 1,Asia,Cola Original,2,10270
2026-06-17,Sector 3,América,Agua,1,3580
2026-06-17,Sector 5,Europa,Cola Zero,2,11040
2026-06-18,Sector 5,Asia,Agua,4,9720
2026-06-18,Sector 4,América,Cola Original,2,7110
2026-06-18,Sector 1,África,Sprite,3,12070
2026-06-18,Sector 2,Oceanía,Cola Zero,2,8700
2026-06-18,Sector 4,África,Fanta,6,20130
2026-06-18,Sector 1,América,Cola Zero,1,4910
2026-06-18,Sector 2,América,Cola Original,1,5220
2026-06-18,Sector 5,Asia,Cola Zero,3,13280
2026-06-18,Sector 2,América,Cola Original,1,5900
2026-06-18,Sector 1,Asia,Agua,2,5880
2026-06-18,Sector 1,Europa,Cola Zero,2,9970
2026-06-18,Sector 2,América,Cola Original,1,6680
2026-06-18,Sector 2,África,Cola Zero,4,20640
2026-06-18,Sector 1,África,Sprite,4,13930
2026-06-18,Sector 5,África,Agua,5,13690
2026-06-19,Sector 5,África,Fanta,3,11240
2026-06-19,Sector 1,Europa,Fanta,2,5260
2026-06-19,Sector 4,Oceanía,Cola Original,2,7890
2026-06-19,Sector 5,Europa,Fanta,2,6840
2026-06-19,Sector 5,Europa,Cola Zero,2,9640
2026-06-20,Sector 4,Europa,Sprite,3,12350
2026-06-20,Sector 4,Asia,Cola Original,4,17890
2026-06-20,Sector 3,América,Sprite,1,4040
2026-06-20,Sector 3,Europa,Sprite,1,4860
2026-06-20,Sector 2,América,Fanta,1,4360
2026-06-20,Sector 4,Europa,Agua,3,9040
2026-06-20,Sector 1,Oceanía,Fanta,1,4150
2026-06-20,Sector 2,Asia,Cola Zero,3,13550
2026-06-21,Sector 1,Europa,Fanta,2,6830
2026-06-21,Sector 5,África,Cola Original,3,13250
2026-06-21,Sector 2,Oceanía,Cola Zero,1,5930
2026-06-21,Sector 3,Asia,Fanta,2,6080
2026-06-21,Sector 3,África,Sprite,3,11730
2026-06-21,Sector 1,África,Sprite,3,10150
2026-06-21,Sector 1,Asia,Sprite,2,7670
2026-06-21,Sector 3,América,Cola Zero,1,4230
2026-06-21,Sector 1,América,Cola Zero,1,6280
2026-06-21,Sector 5,Asia,Cola Zero,3,14170
2026-06-21,Sector 5,Asia,Fanta,3,10960
2026-06-22,Sector 4,Oceanía,Agua,3,6590
2026-06-22,Sector 3,América,Fanta,1,3990
2026-06-22,Sector 5,África,Cola Original,4,18010
2026-06-22,Sector 3,América,Cola Original,1,4860
2026-06-22,Sector 1,Europa,Sprite,2,7690
2026-06-22,Sector 3,Europa,Cola Zero,2,8940
2026-06-22,Sector 2,Europa,Agua,3,6760
2026-06-23,Sector 5,Asia,Fanta,3,10350
2026-06-23,Sector 2,Asia,Sprite,3,13100
2026-06-23,Sector 3,Oceanía,Cola Zero,1,5540
2026-06-23,Sector 1,África,Cola Zero,3,13880
2026-06-23,Sector 4,Asia,Cola Zero,3,15170
2026-06-24,Sector 2,Asia,Cola Original,2,11000
2026-06-24,Sector 2,Oceanía,Cola Zero,2,8460
2026-06-24,Sector 2,Europa,Cola Original,2,10240
2026-06-25,Sector 2,Asia,Sprite,2,8710
2026-06-25,Sector 3,América,Cola Original,1,4710
2026-06-25,Sector 3,África,Cola Zero,3,15360
2026-06-25,Sector 5,Oceanía,Agua,2,4400
2026-06-25,Sector 2,Europa,Agua,3,6710
2026-06-25,Sector 4,América,Fanta,2,6270
2026-06-25,Sector 2,Europa,Cola Original,2,9340
2026-06-26,Sector 1,América,Cola Zero,1,6200
2026-06-26,Sector 4,América,Fanta,2,6400
2026-06-26,Sector 1,Europa,Cola Zero,2,8050
2026-06-26,Sector 5,África,Sprite,4,13490
2026-06-26,Sector 5,Oceanía,Fanta,1,4310
2026-06-26,Sector 1,Oceanía,Sprite,1,4600
2026-06-26,Sector 3,Oceanía,Sprite,1,3510
2026-06-26,Sector 2,Europa,Cola Zero,2,10750
2026-06-26,Sector 1,Europa,Cola Zero,2,8060
2026-06-26,Sector 2,Oceanía,Cola Zero,1,7060
2026-06-26,Sector 3,América,Cola Original,1,3780
2026-06-26,Sector 3,Asia,Sprite,2,8920
2026-06-26,Sector 5,Oceanía,Cola Original,1,5460
2026-06-26,Sector 4,Europa,Sprite,3,10220
2026-06-26,Sector 1,América,Agua,2,4140
2026-06-27,Sector 3,Europa,Cola Zero,2,8110
2026-06-27,Sector 2,Oceanía,Agua,2,4400
2026-06-27,Sector 3,Oceanía,Sprite,1,3940
2026-06-27,Sector 2,Oceanía,Cola Original,2,8400
2026-06-27,Sector 3,Oceanía,Fanta,1,3100
2026-06-27,Sector 3,Asia,Agua,3,7600
2026-06-27,Sector 3,Asia,Cola Zero,2,7590
2026-06-27,Sector 4,Europa,Sprite,3,9630
2026-06-28,Sector 3,África,Agua,3,8990
2026-06-28,Sector 1,África,Cola Original,3,15410
2026-06-28,Sector 5,América,Fanta,1,4420
2026-06-28,Sector 2,África,Sprite,5,18010
2026-06-28,Sector 5,Asia,Sprite,3,10250
2026-06-28,Sector 3,América,Sprite,1,3820
2026-06-28,Sector 2,Asia,Cola Zero,2,11140
2026-06-28,Sector 2,Europa,Fanta,2,6950
2026-06-28,Sector 4,Oceanía,Cola Zero,2,10230
2026-07-01,Sector 3,Oceanía,Fanta,1,4170
2026-07-01,Sector 1,Europa,Agua,2,4380
2026-07-01,Sector 1,África,Cola Zero,3,15250
2026-07-01,Sector 1,Asia,Sprite,2,8300
2026-07-01,Sector 1,Europa,Sprite,2,5820
2026-07-01,Sector 1,Europa,Cola Zero,2,7650
2026-07-01,Sector 4,Asia,Sprite,3,12450
2026-07-01,Sector 3,Europa,Cola Zero,2,7460
2026-07-01,Sector 3,África,Fanta,4,12400
2026-07-01,Sector 3,Asia,Sprite,2,6620
2026-07-01,Sector 3,América,Fanta,1,4080
2026-07-01,Sector 3,Europa,Sprite,2,7050
2026-07-02,Sector 1,Europa,Fanta,2,6310
2026-07-02,Sector 3,Oceanía,Fanta,1,3980
2026-07-02,Sector 3,Oceanía,Agua,1,3250
2026-07-02,Sector 3,Oceanía,Sprite,1,4680
2026-07-02,Sector 3,África,Fanta,3,10020
2026-07-02,Sector 5,Oceanía,Fanta,1,4500
2026-07-02,Sector 2,Asia,Agua,3,8150
2026-07-02,Sector 2,Oceanía,Agua,2,3940
2026-07-02,Sector 2,Asia,Cola Original,3,13610
2026-07-03,Sector 2,Asia,Agua,3,8770
2026-07-03,Sector 3,Europa,Fanta,2,6140
2026-07-03,Sector 4,Asia,Sprite,4,13420
2026-07-03,Sector 5,Asia,Sprite,2,8560
2026-07-03,Sector 4,Oceanía,Agua,2,5760
2026-07-03,Sector 1,Oceanía,Agua,1,3750
2026-07-03,Sector 3,América,Fanta,1,3730
2026-07-04,Sector 1,América,Cola Zero,1,5530
2026-07-04,Sector 5,Oceanía,Sprite,2,6510
2026-07-04,Sector 5,Oceanía,Sprite,1,4660
2026-07-04,Sector 2,África,Cola Zero,4,21150
2026-07-04,Sector 1,África,Agua,4,11380
2026-07-04,Sector 5,Asia,Agua,3,8560
2026-07-04,Sector 5,América,Agua,2,3930
2026-07-04,Sector 2,Asia,Cola Original,3,12280
2026-07-04,Sector 2,África,Agua,5,13230
2026-07-04,Sector 1,África,Fanta,3,11260
2026-07-05,Sector 4,Europa,Cola Zero,3,13360
2026-07-05,Sector 3,Oceanía,Agua,1,2790
2026-07-05,Sector 4,Asia,Agua,4,9880
2026-07-05,Sector 3,América,Sprite,1,3050
2026-07-06,Sector 3,Oceanía,Cola Original,1,5120
2026-07-06,Sector 2,Europa,Agua,3,8220
2026-07-06,Sector 1,Oceanía,Agua,2,4460
2026-07-06,Sector 1,América,Cola Zero,1,5820
2026-07-06,Sector 5,América,Cola Original,2,6780
2026-07-06,Sector 1,Europa,Fanta,2,5510
2026-07-06,Sector 5,Oceanía,Fanta,2,5400
2026-07-06,Sector 1,Europa,Agua,2,5210
2026-07-06,Sector 1,Asia,Agua,3,6800
2026-07-06,Sector 5,América,Agua,2,4710
2026-07-06,Sector 3,Europa,Cola Zero,2,8330
2026-07-07,Sector 1,África,Fanta,3,10580
2026-07-07,Sector 1,África,Cola Zero,3,15660
2026-07-07,Sector 4,África,Agua,6,15040
2026-07-07,Sector 3,África,Agua,4,10140
2026-07-07,Sector 3,Asia,Cola Original,2,8380
2026-07-07,Sector 3,Oceanía,Cola Original,1,5510
2026-07-07,Sector 5,Asia,Cola Original,2,9630
2026-07-07,Sector 5,África,Cola Zero,4,18240
2026-07-07,Sector 5,África,Cola Zero,4,21410
2026-07-07,Sector 1,Oceanía,Cola Zero,1,4410
2026-07-08,Sector 4,Asia,Cola Original,3,15510
2026-07-08,Sector 2,Asia,Agua,4,11160
2026-07-08,Sector 3,África,Fanta,3,10740
2026-07-08,Sector 5,Asia,Cola Original,3,12230
2026-07-08,Sector 4,África,Cola Original,5,20490
2026-07-08,Sector 5,América,Fanta,2,5590
2026-07-08,Sector 4,Asia,Cola Zero,4,17510
2026-07-08,Sector 2,Oceanía,Cola Zero,1,6120
2026-07-08,Sector 4,Europa,Agua,3,7120
2026-07-09,Sector 1,Asia,Cola Zero,2,9300
2026-07-09,Sector 1,Europa,Fanta,2,7000
2026-07-09,Sector 2,Oceanía,Cola Original,1,6490
2026-07-09,Sector 3,Asia,Sprite,2,8100
2026-07-09,Sector 1,Europa,Cola Zero,2,9020
2026-07-09,Sector 1,África,Cola Original,4,16660
2026-07-09,Sector 1,Asia,Sprite,2,7700
2026-07-09,Sector 3,América,Agua,1,2820
2026-07-09,Sector 1,América,Cola Zero,1,4620
2026-07-09,Sector 2,Europa,Cola Original,2,8060
2026-07-09,Sector 1,Europa,Cola Original,2,9060
2026-07-10,Sector 1,Oceanía,Sprite,1,5090
2026-07-10,Sector 4,Europa,Cola Zero,3,15000
2026-07-10,Sector 2,Asia,Cola Zero,3,15240
2026-07-10,Sector 2,África,Cola Zero,5,22520
2026-07-10,Sector 1,Europa,Fanta,2,7150
2026-07-10,Sector 5,Europa,Sprite,2,7650
2026-07-10,Sector 4,África,Fanta,6,20810
2026-07-10,Sector 2,Europa,Fanta,3,9500
2026-07-10,Sector 4,América,Cola Original,2,8890
2026-07-10,Sector 1,Europa,Sprite,2,7760
2026-07-11,Sector 2,Asia,Fanta,3,11420
2026-07-11,Sector 5,Europa,Cola Original,2,8630
2026-07-11,Sector 3,Europa,Cola Zero,2,8130
2026-07-11,Sector 4,Asia,Cola Zero,3,15430
2026-07-11,Sector 4,Asia,Agua,4,11610
2026-07-11,Sector 4,Asia,Agua,5,12400
2026-07-11,Sector 2,América,Sprite,1,5170
2026-07-11,Sector 5,Europa,Cola Zero,2,11120
2026-07-11,Sector 4,Asia,Fanta,3,10280
2026-07-12,Sector 3,Oceanía,Cola Original,1,4330
2026-07-12,Sector 3,Europa,Cola Zero,1,5980
2026-07-12,Sector 1,Oceanía,Cola Zero,1,5850
2026-07-12,Sector 4,Europa,Agua,4,10460
2026-07-12,Sector 2,Oceanía,Cola Zero,1,6700
2026-07-12,Sector 2,Asia,Sprite,3,12050
2026-07-13,Sector 1,Oceanía,Sprite,1,4120
2026-07-13,Sector 3,África,Cola Zero,2,11490
2026-07-13,Sector 2,América,Fanta,1,5070
2026-07-13,Sector 5,Asia,Sprite,2,9170
2026-07-13,Sector 5,Europa,Agua,3,6880
2026-07-13,Sector 3,Asia,Cola Original,2,7450
2026-07-13,Sector 5,Europa,Sprite,3,9570
2026-07-13,Sector 1,América,Cola Zero,1,5370
2026-07-13,Sector 1,Europa,Sprite,2,7050
2026-07-13,Sector 1,Europa,Fanta,2,5900
2026-07-13,Sector 3,Asia,Fanta,2,8060
2026-07-13,Sector 4,América,Sprite,2,8290
2026-07-13,Sector 5,Europa,Sprite,3,9590
2026-07-14,Sector 5,Asia,Cola Zero,3,12560
2026-07-14,Sector 4,África,Sprite,6,23160
2026-07-14,Sector 4,Europa,Cola Original,3,11850
2026-07-14,Sector 3,África,Sprite,2,8800
2026-07-14,Sector 4,Oceanía,Sprite,2,8700
2026-07-14,Sector 3,África,Cola Zero,3,15390
2026-07-14,Sector 5,América,Agua,2,4920
2026-07-14,Sector 2,América,Cola Original,1,6130
2026-07-14,Sector 4,Asia,Cola Original,3,13260
2026-07-14,Sector 4,África,Fanta,4,14300
2026-07-14,Sector 3,Europa,Agua,2,4850
2026-07-14,Sector 1,Asia,Fanta,2,7690
2026-07-15,Sector 2,África,Cola Original,4,19230
2026-07-15,Sector 1,Asia,Cola Zero,2,10020
2026-07-15,Sector 5,Oceanía,Agua,2,4660
2026-07-15,Sector 1,Oceanía,Agua,1,2930
2026-07-15,Sector 3,África,Sprite,3,11280
2026-07-15,Sector 1,América,Agua,1,3680
2026-07-15,Sector 3,América,Cola Zero,1,4480
2026-07-15,Sector 4,África,Cola Original,5,24320
2026-07-15,Sector 1,África,Fanta,3,11390
2026-07-15,Sector 3,América,Sprite,1,3650
2026-07-16,Sector 3,Asia,Cola Original,2,10790
2026-07-16,Sector 5,Asia,Cola Zero,3,12730
2026-07-16,Sector 5,Europa,Sprite,2,9000
2026-07-16,Sector 4,África,Cola Original,5,22960
2026-07-16,Sector 5,Asia,Agua,4,9240
2026-07-16,Sector 2,Europa,Fanta,3,9190
2026-07-16,Sector 3,Oceanía,Agua,1,3260
2026-07-16,Sector 4,África,Sprite,6,21670
2026-07-17,Sector 2,Europa,Cola Zero,3,12430
2026-07-17,Sector 2,Oceanía,Fanta,2,5890
2026-07-17,Sector 5,América,Cola Zero,1,5610
2026-07-17,Sector 1,América,Cola Zero,1,5960
2026-07-17,Sector 2,Oceanía,Agua,2,5310
2026-07-17,Sector 4,Asia,Sprite,3,11740
2026-07-18,Sector 1,América,Cola Original,1,5790
2026-07-18,Sector 5,América,Fanta,1,4740
2026-07-18,Sector 1,Oceanía,Fanta,1,4550
2026-07-18,Sector 3,América,Fanta,1,4280
2026-07-18,Sector 3,Oceanía,Fanta,1,3430
2026-07-18,Sector 5,Asia,Sprite,2,8310
2026-07-18,Sector 3,África,Agua,3,8720
2026-07-18,Sector 2,Europa,Agua,2,6090
2026-07-18,Sector 4,Europa,Cola Zero,3,12190
2026-07-19,Sector 2,Europa,Cola Original,2,8180
2026-07-19,Sector 3,Europa,Cola Zero,2,8620
2026-07-19,Sector 2,África,Agua,5,13720
2026-07-19,Sector 5,América,Cola Zero,1,6350
2026-07-19,Sector 1,Europa,Cola Zero,2,8010
2026-07-19,Sector 1,Oceanía,Fanta,1,4240
2026-07-19,Sector 4,Oceanía,Cola Zero,2,10090
2026-07-19,Sector 1,Asia,Fanta,2,6820
2026-07-19,Sector 1,Oceanía,Agua,1,3290
2026-07-19,Sector 2,América,Fanta,2,6050
2026-07-19,Sector 4,Europa,Sprite,2,9340
2026-07-19,Sector 1,América,Cola Original,1,4690
2026-07-19,Sector 3,Europa,Cola Zero,1,7050
2026-07-20,Sector 5,Europa,Agua,2,5380
2026-07-20,Sector 5,África,Sprite,4,15380
2026-07-20,Sector 1,Oceanía,Cola Original,1,5550
2026-07-20,Sector 2,América,Cola Zero,1,5910
2026-07-20,Sector 2,Asia,Fanta,3,11660
2026-07-20,Sector 3,Europa,Agua,2,5170
2026-07-20,Sector 3,Oceanía,Cola Original,1,4390
2026-07-20,Sector 4,América,Agua,2,5020
2026-07-20,Sector 1,Europa,Sprite,2,7670
2026-07-20,Sector 5,África,Fanta,5,15960
2026-07-20,Sector 3,África,Agua,3,8650
2026-07-20,Sector 5,Europa,Fanta,2,7650
2026-07-20,Sector 1,Europa,Sprite,2,6800
2026-07-21,Sector 3,América,Sprite,1,4060
2026-07-21,Sector 2,América,Fanta,1,4280
2026-07-21,Sector 4,Oceanía,Agua,2,6430
2026-07-21,Sector 1,Asia,Cola Zero,2,9530
2026-07-21,Sector 4,Europa,Sprite,2,8680
2026-07-22,Sector 2,Europa,Fanta,2,7760
2026-07-22,Sector 4,Oceanía,Sprite,2,6730
2026-07-22,Sector 3,Asia,Cola Zero,2,10760
2026-07-22,Sector 1,Oceanía,Sprite,1,5060
2026-07-22,Sector 4,Europa,Cola Original,3,13950
2026-07-22,Sector 1,América,Fanta,1,4390
2026-07-22,Sector 4,Oceanía,Cola Zero,2,9820
2026-07-22,Sector 5,Europa,Cola Zero,2,11960
2026-07-22,Sector 4,América,Fanta,2,6420
2026-07-22,Sector 1,Asia,Agua,3,7400
2026-07-22,Sector 2,América,Sprite,1,4920
2026-07-23,Sector 2,África,Agua,5,13940
2026-07-23,Sector 5,África,Cola Original,3,15550
2026-07-23,Sector 5,América,Sprite,1,4190
2026-07-23,Sector 5,África,Cola Original,3,13580
2026-07-23,Sector 3,Asia,Sprite,2,8450
2026-07-23,Sector 1,América,Fanta,1,3820
2026-07-23,Sector 4,África,Agua,6,16100
2026-07-23,Sector 3,África,Agua,3,6980
2026-07-23,Sector 5,Oceanía,Cola Zero,1,5480
2026-07-23,Sector 5,América,Agua,2,4800
2026-07-24,Sector 5,Europa,Sprite,2,8830
2026-07-24,Sector 2,Asia,Cola Zero,3,15680
2026-07-24,Sector 2,América,Sprite,1,5610
2026-07-24,Sector 5,América,Cola Original,1,5790
2026-07-24,Sector 3,América,Fanta,1,3320
2026-07-24,Sector 3,África,Agua,3,8650
2026-07-24,Sector 2,Asia,Fanta,2,8340
2026-07-24,Sector 4,América,Agua,2,5230
2026-07-24,Sector 1,Oceanía,Agua,2,4270
2026-07-24,Sector 1,Asia,Cola Zero,2,9140
2026-07-24,Sector 1,África,Cola Zero,3,15500
2026-07-25,Sector 5,África,Agua,4,11250
2026-07-25,Sector 3,Asia,Sprite,2,7070
2026-07-25,Sector 1,Europa,Cola Zero,2,8810
2026-07-25,Sector 4,Oceanía,Cola Zero,2,10740
2026-07-25,Sector 1,Europa,Fanta,2,5680
2026-07-25,Sector 2,América,Cola Original,1,6250
2026-07-25,Sector 2,África,Agua,5,14250
2026-07-25,Sector 1,América,Cola Zero,1,5970
2026-07-25,Sector 5,Oceanía,Agua,2,4690
2026-07-25,Sector 2,Asia,Cola Zero,2,11490
2026-07-25,Sector 4,África,Cola Original,5,21220
2026-07-25,Sector 1,Oceanía,Fanta,1,4700
2026-07-26,Sector 5,Asia,Cola Zero,2,11670
2026-07-26,Sector 2,Europa,Cola Zero,3,12220
2026-07-26,Sector 1,Oceanía,Cola Original,1,4240
2026-07-26,Sector 1,Asia,Sprite,2,7530
2026-07-26,Sector 1,África,Agua,4,9410
2026-07-26,Sector 2,Europa,Sprite,2,7670
2026-07-26,Sector 3,Europa,Sprite,2,6310
2026-07-27,Sector 5,Europa,Fanta,2,6550
2026-07-27,Sector 4,África,Sprite,6,21610
2026-07-27,Sector 3,África,Sprite,3,13020
2026-07-27,Sector 4,América,Cola Zero,2,8310
2026-07-27,Sector 3,América,Cola Zero,1,5020
2026-07-27,Sector 2,África,Fanta,4,14340
2026-07-27,Sector 2,África,Sprite,4,16210
2026-07-27,Sector 1,África,Cola Zero,4,16970
2026-07-28,Sector 4,Asia,Agua,4,10750
2026-07-28,Sector 2,África,Fanta,4,12760
2026-07-28,Sector 2,América,Sprite,1,4380
2026-07-28,Sector 2,América,Agua,2,5020
2026-07-28,Sector 1,América,Fanta,1,4740
2026-07-28,Sector 4,Asia,Agua,4,11200
2026-07-28,Sector 4,Oceanía,Agua,3,6610
